date,avg_temp_c,min_temp_c,max_temp_c,precip_duration_hr,daily_precip_mm,avg_wind_speed_m_s,avg_rel_humidity_pct
2024-01-01,3.3,-0.3,7.3,2.92,0.0,1.7,83.4
2024-01-02,2.9,2.2,4.3,1.58,0.0,1.6,72.6
2024-01-03,1.8,-1.1,4.0,6.25,0.6,1.6,80.4
2024-01-04,1.4,-3.3,4.7,0.0,0.0,1.9,74.3
2024-01-05,5.0,1.4,9.1,0.42,0.0,2.3,77.1
2024-01-06,0.7,-2.7,5.2,3.08,2.4,2.2,63.9
2024-01-07,-4.4,-8.3,-0.9,0.0,0.0,3.1,57.4
2024-01-08,-4.7,-10.3,0.0,0.0,0.0,1.8,57.8
2024-01-09,-0.6,-1.9,0.4,13.17,1.6,2.0,84.0
2024-01-10,-1.0,-4.1,3.3,0.0,0.0,1.7,85.9
2024-01-11,1.7,-2.4,4.5,0.0,0.0,1.9,80.6
2024-01-12,0.9,-1.4,4.2,0.0,0.0,2.3,61.6
2024-01-13,0.4,-3.8,6.4,0.0,0.0,1.4,44.3
2024-01-14,-0.6,-3.3,2.4,3.67,3.1,2.1,74.5
2024-01-15,-3.7,-6.9,0.9,0.0,0.0,2.5,51.3
2024-01-16,-2.1,-7.2,4.3,0.0,0.0,1.5,49.8
2024-01-17,0.6,-2.3,1.9,13.17,9.7,2.0,78.5
2024-01-18,4.5,1.4,9.4,2.58,0.5,2.4,81.5
2024-01-19,5.4,4.0,9.0,0.0,0.0,4.5,65.4
2024-01-20,3.4,1.9,4.9,11.17,0.4,5.3,69.5
2024-01-21,1.7,-2.4,4.3,8.58,0.4,2.5,75.8
2024-01-22,-8.7,-11.9,-2.4,8.83,0.2,4.1,65.6
2024-01-23,-11.7,-14.0,-8.2,0.0,0.0,3.9,53.6
2024-01-24,-8.0,-11.2,-3.7,0.0,0.0,3.3,52.0
2024-01-25,-5.3,-9.7,-0.5,0.0,0.0,2.1,47.8
2024-01-26,-1.7,-6.9,4.0,0.0,0.0,1.9,62.5
2024-01-27,-0.5,-4.6,4.6,0.0,0.0,1.8,70.0
2024-01-28,-1.5,-5.0,3.8,0.0,0.0,1.9,62.3
2024-01-29,-0.4,-4.8,4.6,0.0,0.0,1.7,66.6
2024-01-30,1.4,-4.0,8.1,0.0,0.0,1.4,59.3
2024-01-31,4.7,0.7,10.6,0.0,0.0,1.9,54.1
2024-02-01,2.4,-1.3,8.2,0.0,0.0,2.1,64.9
2024-02-02,3.1,0.7,7.9,0.0,0.0,2.1,65.5
2024-02-03,4.7,-0.2,8.3,1.83,0.0,2.2,63.9
2024-02-04,7.3,3.7,12.2,0.0,0.0,1.8,60.9
2024-02-05,2.7,0.1,6.6,21.0,3.9,5.0,81.8
2024-02-06,1.2,0.0,2.9,7.83,0.2,2.2,83.5
2024-02-07,0.6,-0.9,2.7,3.25,0.0,2.1,76.6
2024-02-08,0.6,-3.0,6.2,0.0,0.0,1.6,66.9
2024-02-09,1.1,-2.5,6.1,0.0,0.0,2.2,66.8
2024-02-10,1.7,-1.5,7.4,0.0,0.0,1.9,69.4
2024-02-11,1.0,-3.1,5.5,1.5,0.0,2.2,70.6
2024-02-12,3.5,-2.9,10.5,0.0,0.0,1.8,62.8
2024-02-13,8.2,2.0,13.7,0.0,0.0,2.5,70.6
2024-02-14,12.9,8.8,18.3,0.0,0.0,2.2,76.4
2024-02-15,4.5,0.6,11.6,13.33,10.9,2.9,89.9
2024-02-16,2.3,-1.5,8.1,0.0,0.0,1.8,72.4
2024-02-17,4.4,-1.2,11.7,0.0,0.0,1.7,73.5
2024-02-18,6.2,1.2,9.4,10.08,17.1,2.8,81.4
2024-02-19,9.1,4.2,11.9,19.5,8.9,2.3,95.8
2024-02-20,4.3,2.8,6.8,10.08,2.6,3.4,86.3
2024-02-21,1.9,0.0,4.0,24.0,17.8,5.2,92.5
2024-02-22,0.2,-1.1,1.6,17.17,8.8,4.2,84.5
2024-02-23,1.8,-1.0,6.1,3.83,0.4,3.5,68.8
2024-02-24,2.0,-1.3,5.9,6.75,2.3,2.9,68.6
2024-02-25,2.8,0.8,5.9,10.42,1.8,2.0,80.8
2024-02-26,3.8,-1.2,9.7,0.0,0.0,1.9,65.3
2024-02-27,5.3,1.2,9.8,0.0,0.0,3.0,52.0
2024-02-28,6.4,3.2,10.1,0.0,0.0,2.1,59.5
2024-02-29,4.8,0.3,9.6,0.0,0.0,2.2,63.6
2024-03-01,-4.1,-7.1,0.3,0.0,0.0,4.4,38.9
2024-03-02,-0.5,-8.1,4.1,2.0,0.0,3.2,60.4
2024-03-03,4.0,0.4,7.8,0.0,0.0,2.9,71.5
2024-03-04,5.4,-1.8,11.7,0.0,0.0,1.6,45.5
2024-03-05,8.0,5.5,11.0,0.0,0.0,2.9,45.1
2024-03-06,6.2,2.5,10.3,0.0,0.0,2.8,58.8
2024-03-07,3.9,1.2,8.2,3.83,2.1,3.0,62.4
2024-03-08,2.1,-0.7,6.5,0.0,0.0,3.4,50.6
2024-03-09,2.0,-2.1,7.1,0.0,0.0,2.7,50.8
2024-03-10,4.2,-1.8,10.6,0.0,0.0,2.1,54.0
2024-03-11,6.2,2.0,10.8,0.0,0.0,2.3000000000000003,62.3
2024-03-12,6.6,4.4,10.0,5.88,2.1,2.5,78.0
2024-03-13,6.5,1.3,12.0,0.0,0.0,2.7,57.6
2024-03-14,8.5,3.4,15.4,0.0,0.0,2.5,58.3
2024-03-15,8.9,4.0,14.5,0.0,0.0,2.3,68.5
2024-03-16,10.9,4.4,18.3,0.0,0.0,2.1,54.5
2024-03-17,8.8,5.4,12.2,0.75,0.1,3.7,48.0
2024-03-18,7.1,1.4,13.2,0.0,0.0,2.4,28.6
2024-03-19,6.7,3.9,9.8,1.5,0.2,3.7,60.8
2024-03-20,4.4,1.2,8.7,0.0,0.0,3.4,46.5
2024-03-21,5.0,-1.2,11.5,0.0,0.0,2.0,46.5
2024-03-22,10.4,3.8,15.2,7.25,5.4,3.4,57.0
2024-03-23,13.0,9.3,18.2,2.75,0.1,2.3,66.0
2024-03-24,16.2,10.5,23.4,0.0,0.0,2.4,42.5
2024-03-25,10.6,6.7,14.5,11.08,5.1,4.0,63.0
2024-03-26,7.4,3.2,12.4,10.42,11.5,2.6,77.3
2024-03-27,10.4,4.4,16.2,0.0,0.0,2.0,68.4
2024-03-28,10.3,7.8,12.2,10.83,1.9,1.8,81.8
2024-03-29,7.6,5.0,12.3,4.75,1.4,2.8,73.0
2024-03-30,8.8,3.0,15.6,0.0,0.0,2.4,56.5
2024-03-31,10.6,3.4,17.7,0.0,0.0,1.9,39.9
2024-04-01,12.2,5.5,19.0,0.0,0.0,1.8,32.0
2024-04-02,15.4,7.0,23.9,0.0,0.0,2.0,37.5
2024-04-03,16.6,13.9,19.7,0.25,0.0,1.8,55.9
2024-04-04,15.5,12.4,20.3,0.0,0.0,2.9,52.1
2024-04-05,14.0,10.2,18.8,0.0,0.0,2.5,51.3
2024-04-06,12.7,8.0,18.9,0.0,0.0,1.9,48.6
2024-04-07,14.8,7.7,23.4,0.0,0.0,2.0,33.4
2024-04-08,16.2,11.0,22.8,0.0,0.0,2.1,46.5
2024-04-09,15.3,10.6,20.8,0.0,0.0,3.5,32.4
2024-04-10,13.8,10.2,18.5,0.0,0.0,2.6,62.6
2024-04-11,15.5,11.7,21.1,0.83,0.0,1.8,61.0
2024-04-12,17.2,12.0,24.2,0.0,0.0,2.1,59.6
2024-04-13,19.1,11.2,27.3,0.0,0.0,1.9,52.4
2024-04-14,20.8,13.6,29.4,0.0,0.0,1.9,47.1
2024-04-15,16.0,11.7,20.0,12.17,17.1,2.5,77.4
2024-04-16,13.3,11.5,17.9,6.08,2.3,2.5,82.6
2024-04-17,15.0,9.7,21.8,0.0,0.0,2.2,65.3
2024-04-18,17.3,10.7,24.9,0.0,0.0,2.2,53.3
2024-04-19,17.6,11.5,24.3,0.0,0.0,2.1,51.8
2024-04-20,14.9,13.0,17.2,14.0,4.8,3.0,77.3
2024-04-21,17.2,13.3,21.7,0.0,0.0,3.8,65.5
2024-04-22,18.8,15.0,24.1,0.0,0.0,3.1,49.4
2024-04-23,17.3,13.2,24.2,3.33,0.0,3.6,55.0
2024-04-24,13.2,11.0,16.5,7.0,9.0,3.0,80.1
2024-04-25,14.4,10.3,20.8,0.0,0.0,1.9,75.6
2024-04-26,17.8,11.4,26.0,0.0,0.0,1.9,61.1
2024-04-27,18.2,11.5,26.2,0.0,0.0,1.9,56.4
2024-04-28,20.7,13.0,28.9,0.0,0.0,1.6,53.5
2024-04-29,20.9,16.9,26.1,0.0,0.0,3.0,48.0
2024-04-30,18.6,16.0,22.5,0.0,0.0,2.2,62.5
2024-05-01,18.5,13.9,24.0,0.0,0.0,2.4,46.0
2024-05-02,18.1,12.4,23.7,0.0,0.0,2.4,48.4
2024-05-03,19.7,12.2,27.9,0.0,0.0,1.9,46.9
2024-05-04,21.4,14.6,28.5,0.17,0.0,1.9,44.8
2024-05-05,17.8,15.7,20.6,20.08,48.3,2.5,87.4
2024-05-06,13.9,13.4,15.7,20.17,12.3,3.1,92.9
2024-05-07,13.3,12.2,15.0,16.17,2.4,3.0,77.3
2024-05-08,14.7,9.0,21.4,0.0,0.0,2.3,58.8
2024-05-09,16.1,10.9,21.8,0.0,0.0,2.9,63.6
2024-05-10,17.9,12.5,23.8,0.0,0.0,2.6,55.6
2024-05-11,17.0,14.0,22.0,9.0,31.7,3.5,80.0
2024-05-12,16.6,11.9,21.6,0.0,0.0,2.7,65.0
2024-05-13,18.3,11.9,24.5,0.0,0.0,2.3,51.9
2024-05-14,18.8,12.7,24.7,0.0,0.0,2.4,43.3
2024-05-15,12.6,7.2,18.8,10.5,20.6,2.7,74.3
2024-05-16,13.7,6.9,19.8,1.75,0.1,3.1,61.3
2024-05-17,18.3,10.8,24.9,0.0,0.0,2.2,63.6
2024-05-18,20.7,16.0,26.5,0.0,0.0,2.0,65.3
2024-05-19,21.5,15.9,27.9,0.0,0.0,1.9,63.1
2024-05-20,19.4,16.8,22.8,0.0,0.0,2.3,75.0
2024-05-21,21.7,16.3,28.3,0.0,0.0,1.9,68.1
2024-05-22,20.5,16.4,25.5,0.0,0.0,2.3,68.9
2024-05-23,20.2,15.8,26.4,0.0,0.0,2.5,67.9
2024-05-24,20.1,15.7,24.7,0.0,0.0,2.1,75.1
2024-05-25,21.4,18.7,24.7,0.0,0.0,1.8,62.8
2024-05-26,19.9,17.0,23.7,8.33,8.7,2.7,74.3
2024-05-27,18.5,14.1,22.6,0.0,0.0,3.3,63.4
2024-05-28,20.4,14.3,26.1,0.0,0.0,2.5,54.8
2024-05-29,21.2,15.4,26.8,0.0,0.0,2.1,51.6
2024-05-30,20.7,16.2,24.6,0.0,0.0,1.6,49.1
2024-05-31,20.4,16.9,25.4,1.75,1.0,2.6,60.0
2024-06-01,20.7,17.5,25.2,0.67,0.0,2.8,61.3
2024-06-02,20.4,15.7,25.8,0.0,0.0,2.7,51.9
2024-06-03,22.2,15.7,28.7,0.0,0.0,2.4,47.4
2024-06-04,22.8,16.3,29.3,0.0,0.0,2.4,42.1
2024-06-05,23.6,18.1,30.1,0.0,0.0,1.9,53.9
2024-06-06,24.1,19.3,31.4,0.0,0.0,2.0,54.3
2024-06-07,23.1,18.3,28.0,4.17,0.8,1.9,54.3
2024-06-08,20.3,17.9,25.0,11.5,16.9,1.6,79.5
2024-06-09,22.9,17.4,28.8,0.0,0.0,1.8,68.9
2024-06-10,24.7,19.0,31.1,0.0,0.0,2.2,66.3
2024-06-11,25.4,21.7,31.6,0.0,0.0,2.4,62.4
2024-06-12,24.8,19.2,31.8,0.0,0.0,2.1,60.8
2024-06-13,26.4,20.0,32.8,0.0,0.0,1.8,51.4
2024-06-14,26.3,21.4,33.0,0.0,0.0,2.3,56.0
2024-06-15,24.2,21.8,28.2,6.0,6.1,1.9,72.3
2024-06-16,24.3,19.9,29.5,0.0,0.0,2.8,58.4
2024-06-17,24.8,18.9,30.2,0.0,0.0,2.4,48.4
2024-06-18,26.0,20.4,32.9,0.0,0.0,2.1,59.5
2024-06-19,28.8,21.4,35.8,0.0,0.0,1.6,54.3
2024-06-20,29.4,23.4,35.4,0.0,0.0,2.0,45.1
2024-06-21,28.1,22.9,33.9,0.0,0.0,2.0,49.8
2024-06-22,24.2,22.6,26.1,13.67,16.5,2.0,80.6
2024-06-23,25.1,22.5,30.1,8.42,5.1,2.2,79.5
2024-06-24,24.3,21.2,27.9,0.33,0.0,2.9,70.4
2024-06-25,22.9,19.1,27.2,0.0,0.0,3.0,61.9
2024-06-26,24.9,18.9,31.6,0.0,0.0,1.9,61.0
2024-06-27,26.3,20.6,31.6,0.0,0.0,1.6,55.0
2024-06-28,26.6,21.3,32.5,0.0,0.0,2.1,54.6
2024-06-29,26.7,21.6,32.3,5.42,38.3,2.2,65.1
2024-06-30,23.5,22.0,24.9,7.08,32.2,3.7,88.5
2024-07-01,26.3,22.0,31.3,0.0,0.0,1.8,69.1
2024-07-02,23.2,21.9,25.2,17.25,65.1,2.8,90.0
2024-07-03,24.7,23.6,25.9,3.67,0.8,3.6,80.3
2024-07-04,26.8,23.2,30.6,3.13,3.6,3.0,74.8
2024-07-05,23.4,21.3,26.1,6.92,4.1,3.3,80.5
2024-07-06,25.1,22.1,30.0,5.92,2.8,3.2,84.1
2024-07-07,24.4,21.5,28.2,5.17,28.7,1.8,85.1
2024-07-08,23.8,23.1,24.5,17.83,21.1,1.8,93.4
2024-07-09,24.5,22.7,26.7,6.17,0.3,1.8,86.9
2024-07-10,26.6,22.7,31.1,3.92,1.4,2.2,77.1
2024-07-11,25.7,23.3,28.9,0.0,0.0,2.1,79.6
2024-07-12,25.6,21.8,30.2,0.0,0.0,1.6,79.5
2024-07-13,28.1,23.5,33.3,0.5,0.0,1.9,70.0
2024-07-14,28.4,24.9,32.1,0.47,0.4,2.4,65.9
2024-07-15,28.4,24.5,31.3,0.17,0.0,2.4,64.6
2024-07-16,27.0,24.6,30.7,9.93,17.0,2.3,78.4
2024-07-17,25.4,24.1,28.1,18.58,98.8,2.5,91.6
2024-07-18,24.3,23.1,25.6,17.92,128.8,2.2,95.3
2024-07-19,27.0,24.2,30.8,3.83,0.1,2.2,80.1
2024-07-20,27.2,25.1,30.6,4.42,14.9,2.7,80.4
2024-07-21,26.5,22.5,29.8,8.47,8.5,3.6,83.6
2024-07-22,26.6,24.3,27.9,10.33,79.9,3.1,89.0
2024-07-23,26.4,25.8,27.3,6.33,2.0,3.2,87.9
2024-07-24,28.1,26.0,30.9,6.25,14.7,2.6,85.0
2024-07-25,28.8,25.4,32.2,2.67,25.3,1.8,79.8
2024-07-26,28.7,25.2,32.7,3.0,5.5,2.3,81.9
2024-07-27,28.9,27.5,31.7,4.92,33.5,1.7,83.6
2024-07-28,29.2,27.3,32.2,0.33,0.0,3.2,76.0
2024-07-29,27.4,26.8,27.8,5.5,0.0,3.8,84.0
2024-07-30,28.6,26.3,31.9,0.0,0.0,2.8,78.8
2024-07-31,29.4,27.0,33.3,0.0,0.0,2.6,74.5
2024-08-01,29.9,27.3,33.2,1.42,0.3,2.6,75.5
2024-08-02,29.6,28.2,32.5,0.0,0.0,2.6,79.4
2024-08-03,30.2,27.2,34.2,0.0,0.0,2.2,75.0
2024-08-04,31.8,27.3,36.2,0.0,0.0,1.6,69.3
2024-08-05,30.0,26.9,33.7,3.53,1.3,1.9,75.5
2024-08-06,29.5,25.6,33.5,0.75,0.0,1.9,74.8
2024-08-07,29.6,27.2,33.4,1.33,3.4,1.7,72.0
2024-08-08,28.5,26.9,31.6,1.83,0.0,1.6,77.5
2024-08-09,29.3,25.6,33.6,0.0,0.0,1.6,74.1
2024-08-10,30.0,26.4,33.6,0.0,0.0,1.7,70.8
2024-08-11,30.8,27.8,34.4,0.0,0.0,1.8,67.8
2024-08-12,31.1,28.2,34.1,0.0,0.0,1.9,70.5
2024-08-13,31.3,28.1,36.4,2.08,0.0,1.8,70.0
2024-08-14,30.0,27.3,34.9,1.75,3.0,1.9,73.0
2024-08-15,29.2,26.7,34.6,3.25,6.4,1.8,74.6
2024-08-16,29.8,26.8,34.3,0.25,0.0,2.0,69.4
2024-08-17,29.8,27.2,34.0,1.5,11.0,1.7,71.0
2024-08-18,29.5,27.0,33.9,1.08,0.0,2.0,73.8
2024-08-19,29.7,26.3,35.3,0.92,2.3,1.9,72.3
2024-08-20,31.4,27.0,35.4,0.25,0.0,2.3,68.3
2024-08-21,28.4,26.9,30.8,12.75,42.2,3.2,85.9
2024-08-22,28.6,27.1,30.3,4.42,0.6,3.4,79.9
2024-08-23,28.4,26.4,31.8,0.5,0.0,2.7,73.5
2024-08-24,27.6,25.1,30.9,3.42,2.0,1.4,78.8
2024-08-25,28.5,24.9,32.7,0.0,0.0,1.4,76.6
2024-08-26,28.1,25.6,30.6,0.25,0.0,1.5,77.8
2024-08-27,26.5,24.6,30.3,5.58,0.3,1.9,69.8
2024-08-28,28.2,23.0,33.2,0.0,0.0,2.9,62.1
2024-08-29,28.4,23.4,33.5,0.0,0.0,3.1,61.0
2024-08-30,28.0,23.7,32.9,0.0,0.0,2.4,64.0
2024-08-31,27.6,22.6,33.0,0.0,0.0,1.9,65.6
2024-09-01,27.1,24.6,31.6,0.0,0.0,2.0,64.9
2024-09-02,24.5,22.2,26.9,5.42,2.7,2.6,73.6
2024-09-03,27.0,23.2,32.0,0.0,0.0,2.9,54.5
2024-09-04,27.9,23.2,33.3,0.0,0.0,2.2,61.4
2024-09-05,26.3,25.6,28.8,4.42,6.9,2.4,79.1
2024-09-06,24.0,23.3,25.7,9.75,0.7,2.6,79.3
2024-09-07,26.5,22.8,31.3,0.42,0.0,1.9,68.9
2024-09-08,27.2,22.6,32.8,0.0,0.0,1.6,69.6
2024-09-09,28.5,24.1,34.1,0.0,0.0,1.9,69.0
2024-09-10,29.4,25.6,33.9,0.0,0.0,1.8,67.3
2024-09-11,29.0,25.4,34.6,2.25,0.4,1.8,71.5
2024-09-12,25.4,24.8,27.1,18.83,32.7,2.1,91.5
2024-09-13,25.9,24.2,28.0,18.67,7.6,2.2,91.4
2024-09-14,28.0,25.2,32.2,0.33,0.0,1.7,80.3
2024-09-15,27.5,24.2,32.4,0.0,0.0,2.8,73.6
2024-09-16,26.8,21.3,32.2,3.0,9.5,2.8,74.0
2024-09-17,28.6,25.8,33.2,0.0,0.0,1.7,77.0
2024-09-18,29.4,26.5,33.6,0.5,0.7,1.6,76.8
2024-09-19,29.1,25.6,32.6,0.0,0.0,1.7,77.4
2024-09-20,25.0,17.9,28.6,15.33,54.5,2.4,89.8
2024-09-21,19.3,17.1,21.9,8.83,27.0,4.3,82.3
2024-09-22,21.0,16.9,26.7,0.0,0.0,2.7,67.4
2024-09-23,20.8,16.6,26.1,0.0,0.0,3.1,58.3
2024-09-24,21.0,15.6,26.9,0.0,0.0,2.2,57.9
2024-09-25,23.3,18.6,27.3,0.5,0.0,1.7,65.6
2024-09-26,23.6,21.1,28.0,3.58,1.2,1.6,75.1
2024-09-27,22.7,19.1,28.0,0.0,0.0,2.4,72.8
2024-09-28,23.2,19.2,27.9,0.0,0.0,3.4,59.3
2024-09-29,23.5,19.1,29.0,0.0,0.0,2.7,61.5
2024-09-30,23.0,18.3,28.5,0.0,0.0,2.1,63.0
2024-10-01,18.3,13.3,21.7,4.5,2.5,2.5,67.5
2024-10-02,14.9,11.6,19.9,0.0,0.0,2.5,48.8
2024-10-03,16.4,10.8,22.5,0.0,0.0,1.9,59.0
2024-10-04,17.6,11.9,24.2,0.0,0.0,1.8,60.0
2024-10-05,17.5,11.6,24.4,0.0,0.0,1.6,60.4
2024-10-06,15.4,12.3,17.9,2.67,0.0,1.4,73.5
2024-10-07,16.9,14.0,20.7,0.0,0.0,1.3,73.9
2024-10-08,17.7,12.7,23.9,0.0,0.0,1.8,73.9
2024-10-09,18.8,13.9,24.4,0.0,0.0,2.3,64.1
2024-10-10,18.8,15.3,24.1,0.17,0.0,1.9,66.3
2024-10-11,18.6,13.9,24.4,0.0,0.0,1.8,68.8
2024-10-12,18.3,13.4,24.7,0.0,0.0,1.5,60.6
2024-10-13,18.3,12.6,22.6,0.0,0.0,2.0,67.0
2024-10-14,19.3,17.6,21.5,1.5,0.0,1.9,70.3
2024-10-15,19.2,17.6,21.9,5.58,0.5,1.8,85.0
2024-10-16,18.2,14.4,24.2,0.0,0.0,1.5,76.9
2024-10-17,19.0,13.8,25.7,0.0,0.0,1.7,70.4
2024-10-18,17.4,16.2,18.8,11.33,47.1,2.5,86.1
2024-10-19,16.6,12.4,21.1,2.08,1.0,3.3,75.0
2024-10-20,13.4,10.5,17.8,0.0,0.0,3.7,56.0
2024-10-21,14.8,9.7,19.3,2.33,0.0,2.3,66.4
2024-10-22,15.5,14.9,16.6,21.5,20.6,2.0,90.8
2024-10-23,12.7,9.4,15.5,5.5,2.3,3.7,75.3
2024-10-24,12.5,7.1,18.4,0.0,0.0,1.8,71.4
2024-10-25,14.9,8.7,21.5,0.0,0.0,1.7,64.1
2024-10-26,17.0,10.7,24.0,0.0,0.0,1.8,68.3
2024-10-27,16.0,14.0,18.8,0.58,0.0,1.6,79.4
2024-10-28,15.7,12.3,20.4,0.13,0.0,2.1,75.9
2024-10-29,15.0,13.4,18.3,1.0,0.0,2.3,64.6
2024-10-30,15.7,11.4,21.4,0.0,0.0,1.6,71.3
2024-10-31,15.9,11.0,22.6,0.0,0.0,1.4,67.8
2024-11-01,15.3,12.9,18.7,0.0,0.0,1.4,70.8
2024-11-02,18.1,13.0,25.1,0.0,0.0,1.9,58.9
2024-11-03,17.6,13.0,23.5,0.15,0.0,2.4,71.1
2024-11-04,14.8,8.9,18.3,0.5,0.1,2.9,62.0
2024-11-05,9.1,5.6,14.7,0.0,0.0,2.1,49.8
2024-11-06,7.5,4.1,12.5,0.0,0.0,2.5,46.1
2024-11-07,7.8,1.6,15.7,0.0,0.0,1.5,48.1
2024-11-08,10.2,3.1,18.1,0.0,0.0,1.5,50.8
2024-11-09,12.9,6.8,20.3,0.0,0.0,1.4,55.8
2024-11-10,14.4,10.3,21.0,0.0,0.0,1.8,64.0
2024-11-11,14.6,9.7,21.8,0.0,0.0,1.2,64.5
2024-11-12,14.3,11.0,19.2,0.0,0.0,2.2,66.8
2024-11-13,14.2,8.3,21.3,0.0,0.0,1.7,62.9
2024-11-14,14.8,13.2,16.8,4.0,0.1,1.8,68.4
2024-11-15,17.0,13.7,21.5,0.75,0.0,1.8,65.1
2024-11-16,17.0,14.4,22.6,5.92,6.5,2.6,72.5
2024-11-17,7.0,2.1,14.4,0.0,0.0,3.6,47.6
2024-11-18,2.8,-0.7,7.9,0.0,0.0,2.3,30.9
2024-11-19,5.7,0.3,11.3,0.0,0.0,2.0,49.5
2024-11-20,6.5,2.4,9.6,0.0,0.0,1.3,65.8
2024-11-21,9.7,6.0,14.1,1.83,0.0,2.2,71.9
2024-11-22,6.2,3.3,10.6,0.0,0.0,2.2,48.0
2024-11-23,6.4,1.5,12.6,0.0,0.0,1.7,47.1
2024-11-24,7.4,2.6,14.2,0.0,0.0,1.6,58.4
2024-11-25,10.1,3.6,15.4,0.42,0.0,2.5,57.6
2024-11-26,5.8,1.0,12.7,21.67,26.0,3.4,86.4
2024-11-27,-0.4,-1.3,1.2,19.17,22.4,1.4,90.6
2024-11-28,0.8,-1.7,3.4,8.83,4.9,1.8,82.0
2024-11-29,0.2,-3.4,3.4,2.58,0.0,1.5,76.3
2024-11-30,2.5,-0.5,5.6,1.42,0.0,1.8,81.6
2024-12-01,5.2,1.6,8.2,2.08,0.5,2.4,89.3
2024-12-02,6.4,0.6,13.0,0.25,0.0,2.2,79.9
2024-12-03,1.3,-2.4,5.2,1.08,0.0,2.4,48.6
2024-12-04,3.1,-0.6,6.9,0.5,0.0,2.1,52.1
2024-12-05,3.9,-0.1,8.8,0.88,1.8,2.3,62.8
2024-12-06,2.1,-0.4,5.2,0.0,0.0,2.5,49.3
2024-12-07,0.2,-2.5,4.6,0.0,0.0,2.5,56.9
2024-12-08,-0.2,-3.9,4.1,0.0,0.0,2.2,46.5
2024-12-09,1.0,-3.8,7.4,0.0,0.0,1.6,56.1
2024-12-10,2.6,-1.9,6.9,0.0,0.0,1.9,58.9
2024-12-11,3.0,0.2,8.2,0.0,0.0,1.6,50.3
2024-12-12,0.5,-3.2,5.4,0.0,0.0,2.1,45.8
2024-12-13,1.0,-1.5,4.5,0.0,0.0,2.2,42.1
2024-12-14,-0.8,-3.6,2.5,0.0,0.0,2.2,51.0
2024-12-15,1.2,-2.2,5.4,0.33,0.0,2.4,54.1
2024-12-16,-0.2,-3.3,3.9,4.75,0.0,1.2,65.9
2024-12-17,-0.8,-3.5,3.8,0.0,0.0,2.2,51.8
2024-12-18,-3.4,-6.2,0.9,0.0,0.0,2.2,47.1
2024-12-19,-1.4,-6.7,4.9,0.0,0.0,1.5,47.4
2024-12-20,1.4,-2.1,5.3,4.07,0.4,2.0,60.9
2024-12-21,-0.7,-4.7,1.9,6.25,2.9,2.8,74.1
2024-12-22,-3.4,-7.7,1.0,0.0,0.0,2.1,52.9
2024-12-23,0.3,-5.0,6.7,0.0,0.0,2.2,58.5
2024-12-24,-0.4,-4.3,5.1,0.0,0.0,1.4,50.3
2024-12-25,2.7,-1.1,6.5,0.5,0.1,2.0,63.1
2024-12-26,0.1,-4.8,4.2,0.25,0.0,3.4,57.9
2024-12-27,-2.6,-5.9,1.8,2.0,0.0,2.7,51.4
2024-12-28,-3.0,-6.7,1.1,0.0,0.0,2.5,48.3
2024-12-29,1.1,-4.2,6.1,0.0,0.0,1.5,56.1
2024-12-30,5.5,1.9,10.1,0.25,0.0,2.3,68.5
2024-12-31,0.6,-2.0,4.9,0.33,0.0,2.6,45.8
2025-01-01,2.6,-2.5,8.9,0.0,0.0,2.2,64.3
2025-01-02,0.5,-2.9,6.0,0.0,0.0,2.1,48.8
2025-01-03,-1.1,-5.1,3.2,0.5,0.0,2.2,52.0
2025-01-04,-0.1,-5.4,5.7,0.0,0.0,1.7,49.6
2025-01-05,1.2,-0.7,2.5,9.0,6.7,2.5,85.0
2025-01-06,1.0,-3.0,3.4,3.03,3.0,2.8,75.6
2025-01-07,-2.6,-5.7,1.5,1.0,0.1,2.7,53.5
2025-01-08,-3.4,-6.1,0.2,1.25,0.0,2.7,55.1
2025-01-09,-9.7,-11.6,-6.1,0.25,0.0,4.2,38.4
2025-01-10,-7.3,-12.2,-1.7,0.0,0.0,1.6,48.0
2025-01-11,-5.1,-9.5,0.4,0.0,0.0,1.7,57.4
2025-01-12,-3.4,-8.2,2.5,0.0,0.0,1.8,59.9
2025-01-13,-0.4,-5.6,4.1,7.42,1.3,1.7,76.9
2025-01-14,2.3,-1.7,5.2,1.58,0.1,2.3,72.0
2025-01-15,-3.5,-5.3,-0.5,0.0,0.0,2.9,40.8
2025-01-16,-0.5,-4.9,2.8,2.0,0.0,2.0,65.1
2025-01-17,-0.5,-4.9,5.6,0.0,0.0,1.8,62.4
2025-01-18,1.0,-4.0,7.5,0.0,0.0,1.6,54.1
2025-01-19,3.8,-1.2,9.0,0.0,0.0,1.8,65.0
2025-01-20,3.9,0.9,7.5,0.17,0.0,1.7,73.1
2025-01-21,2.4,-1.0,6.3,0.0,0.0,1.6,79.8
2025-01-22,3.6,0.5,7.7,0.0,0.0,1.9,70.3
2025-01-23,2.0,-2.4,7.7,0.0,0.0,1.6,54.3
2025-01-24,3.1,-2.7,10.6,0.0,0.0,1.5,45.9
2025-01-25,5.2,1.2,11.4,0.0,0.0,3.1,52.8
2025-01-26,4.6,1.8,7.5,0.0,0.0,2.8,50.5
2025-01-27,0.2,-2.7,5.1,22.35,5.6,3.5,77.9
2025-01-28,-3.9,-5.3,-2.5,22.58,0.1,4.0,71.3
2025-01-29,-4.6,-6.4,-1.3,11.75,0.2,3.1,66.1
2025-01-30,-3.8,-7.5,-1.0,0.0,0.0,1.6,46.6
2025-01-31,-0.8,-2.6,0.7,17.92,2.4,2.1,80.1
2025-02-01,1.6,-2.0,7.9,0.0,0.0,1.6,74.3
2025-02-02,1.5,-2.5,6.8,0.08,0.0,2.0,67.1
2025-02-03,-4.1,-8.2,0.6,0.0,0.0,4.2,48.8
2025-02-04,-9.0,-11.5,-5.3,0.0,0.0,3.7,50.8
2025-02-05,-8.6,-11.8,-3.7,0.0,0.0,3.2,49.1
2025-02-06,-5.6,-11.5,-0.2,2.75,2.3,1.7,59.9
2025-02-07,-8.0,-10.7,-4.7,6.17,0.4,3.9,60.1
2025-02-08,-7.9,-11.5,-3.4,0.0,0.0,2.8,54.5
2025-02-09,-4.7,-9.6,1.7,0.0,0.0,2.2,63.8
2025-02-10,-2.6,-7.5,2.6,1.58,0.0,2.1,61.0
2025-02-11,0.5,-5.7,7.0,0.0,0.0,2.0,59.8
2025-02-12,0.5,-2.9,2.5,12.5,2.5,2.6,75.8
2025-02-13,0.2,-5.8,6.1,0.0,0.0,2.2,53.1
2025-02-14,3.7,-1.6,10.1,0.0,0.0,1.9,67.4
2025-02-15,4.1,0.4,7.8,0.0,0.0,1.6,76.5
2025-02-16,4.3,0.4,9.7,0.0,0.0,2.5,75.6
2025-02-17,-0.3,-3.4,3.5,0.0,0.0,3.6,39.1
2025-02-18,-2.3,-5.2,2.6,0.0,0.0,3.4,40.3
2025-02-19,-3.0,-5.8,1.2,0.0,0.0,3.0,44.8
2025-02-20,-2.9,-6.5,1.9,0.0,0.0,2.7,43.3
2025-02-21,-2.5,-6.4,2.6,0.0,0.0,2.7,45.3
2025-02-22,-2.3,-5.6,2.7,0.0,0.0,2.7,49.1
2025-02-23,-3.6,-6.5,0.5,0.0,0.0,3.0,45.4
2025-02-24,-1.3,-6.3,4.7,0.0,0.0,2.3,49.8
2025-02-25,2.1,-3.1,6.1,0.0,0.0,2.9,72.6
2025-02-26,3.7,0.7,9.1,0.0,0.0,2.6,49.4
2025-02-27,5.8,-2.0,14.2,0.0,0.0,1.9,29.4
2025-02-28,7.8,3.7,13.7,0.0,0.0,1.5,52.4
2025-03-01,8.5,3.4,13.0,1.5,0.6,2.0,68.5
2025-03-02,8.3,2.2,15.6,9.42,11.8,3.7,68.0
2025-03-03,3.1,1.0,7.1,7.33,10.4,6.3,63.5
2025-03-04,2.5,0.9,3.4,8.75,4.0,4.5,68.3
2025-03-05,4.8,2.3,9.2,0.5,0.0,2.2,63.3
2025-03-06,4.8,-0.4,10.4,0.0,0.0,2.3,55.1
2025-03-07,5.3,0.0,11.1,0.0,0.0,1.8,49.3
2025-03-08,5.8,2.8,11.2,0.0,0.0,2.2,55.0
2025-03-09,6.9,1.2,13.5,0.0,0.0,1.7,67.3
2025-03-10,8.0,2.4,14.9,0.0,0.0,2.1,59.8
2025-03-11,9.4,2.9,16.6,0.0,0.0,1.8,58.0
2025-03-12,8.5,6.7,11.8,1.08,0.0,2.1,72.3
2025-03-13,8.9,3.2,15.0,0.0,0.0,2.4,54.6
2025-03-14,12.4,5.0,20.1,0.0,0.0,1.8,31.4
2025-03-15,12.6,10.0,17.2,0.75,0.0,2.8,39.1
2025-03-16,4.9,1.3,10.1,9.0,0.8,3.6,56.3
2025-03-17,2.5,-1.3,6.8,3.92,0.4,2.9,46.0
2025-03-18,2.1,0.3,5.6,12.92,9.9,2.8,70.6
2025-03-19,2.4,-1.9,7.3,0.0,0.0,2.4,49.5
2025-03-20,8.2,2.2,15.0,0.0,0.0,2.7,62.8
2025-03-21,11.6,7.9,18.7,0.0,0.0,2.9,61.3
2025-03-22,12.8,6.1,19.9,0.0,0.0,2.7,53.8
2025-03-23,15.2,7.1,24.0,0.0,0.0,1.9,49.0
2025-03-24,15.5,11.7,21.3,0.67,0.0,3.0,56.1
2025-03-25,12.7,8.4,21.4,0.0,0.0,3.3,63.5
2025-03-26,15.5,6.0,23.9,0.0,0.0,2.2,46.4
2025-03-27,13.7,7.1,18.6,4.83,0.3,3.2,65.1
2025-03-28,6.5,3.1,11.8,0.0,0.0,3.7,41.6
2025-03-29,3.3,0.6,6.7,2.25,0.0,3.6,40.8
2025-03-30,3.3,-1.8,7.6,4.67,0.0,2.8,51.1
2025-03-31,7.7,1.2,14.1,0.0,0.0,2.2,50.5
2025-04-01,10.1,3.9,17.0,0.0,0.0,1.8,53.0
2025-04-02,8.9,5.2,14.4,0.32,0.0,2.4,55.4
2025-04-03,9.8,3.6,16.9,0.0,0.0,2.4,58.6
2025-04-04,10.6,6.0,16.4,0.0,0.0,2.2,54.5
2025-04-05,8.0,7.5,9.5,18.22,22.8,1.9,86.1
2025-04-06,10.3,6.9,15.7,0.33,0.0,2.8,67.3
2025-04-07,13.5,5.5,20.1,0.0,0.0,2.7,54.5
2025-04-08,13.8,10.7,18.9,0.0,0.0,3.1,55.0
2025-04-09,12.7,8.4,18.0,2.52,0.8,2.0,51.6
2025-04-10,13.2,8.8,19.1,3.42,0.0,2.2,60.6
2025-04-11,16.2,8.1,24.2,0.0,0.0,2.0,51.8
2025-04-12,12.9,1.4,22.5,11.17,15.4,3.1,66.5
2025-04-13,5.5,1.1,8.2,6.47,4.2,4.2,71.1
2025-04-14,4.4,2.6,6.0,11.88,7.4,2.5,87.4
2025-04-15,8.2,2.3,14.0,0.0,0.0,2.7,70.3
2025-04-16,14.6,6.4,21.9,0.0,0.0,2.5,58.0
2025-04-17,19.7,15.8,24.7,0.0,0.0,2.6,63.5
2025-04-18,18.6,15.4,23.7,0.83,0.0,2.4,67.9
2025-04-19,15.3,12.2,20.0,11.5,9.2,3.0,89.1
2025-04-20,16.7,9.5,24.1,0.0,0.0,1.7,70.0
2025-04-21,20.7,14.2,27.1,0.0,0.0,2.2,65.3
2025-04-22,17.8,14.2,20.4,11.53,34.8,1.5,87.8
2025-04-23,16.8,10.9,22.9,0.0,0.0,2.5,62.4
2025-04-24,14.7,10.7,19.6,0.0,0.0,3.1,52.4
2025-04-25,12.5,7.7,17.8,0.0,0.0,3.0,38.4
2025-04-26,13.8,7.2,20.0,0.0,0.0,2.8,53.1
2025-04-27,14.9,10.7,19.1,0.0,0.0,2.8,46.4
2025-04-28,15.1,10.3,20.2,0.0,0.0,2.7,45.6
2025-04-29,14.8,8.2,21.0,0.0,0.0,2.3,34.1
2025-04-30,18.4,10.0,25.8,0.0,0.0,2.6,36.3
2025-05-01,14.7,11.3,17.6,7.6,21.1,2.2,69.6
2025-05-02,13.4,8.2,18.5,0.75,0.0,3.1,59.3
2025-05-03,11.2,9.5,14.0,11.55,7.3,2.3,80.5
2025-05-04,13.7,8.2,19.9,0.0,0.0,2.8,60.9
2025-05-05,12.1,9.3,15.0,0.0,0.0,2.3,64.5
2025-05-06,14.4,8.5,19.5,0.0,0.0,2.2,57.5
2025-05-07,14.9,9.9,21.1,0.0,0.0,2.2,61.5
2025-05-08,17.4,9.7,24.9,0.0,0.0,1.8,53.5
2025-05-09,15.1,14.1,17.4,17.17,17.6,3.0,81.8
2025-05-10,12.3,11.6,15.3,16.25,14.1,3.5,95.5
2025-05-11,14.7,11.4,20.2,0.83,0.0,1.9,76.9
2025-05-12,17.0,9.8,23.6,0.0,0.0,2.1,62.6
2025-05-13,19.9,13.3,25.8,0.0,0.0,2.7,47.4
2025-05-14,21.0,14.1,26.7,0.5,0.0,2.4,52.8
2025-05-15,19.5,16.8,22.2,9.5,1.1,2.3,80.9
2025-05-16,19.4,17.8,22.0,18.58,51.3,1.8,92.6
2025-05-17,18.3,14.7,24.3,6.08,2.2,2.6,86.4
2025-05-18,15.6,11.4,21.0,0.0,0.0,2.6,59.3
2025-05-19,16.1,10.5,20.9,5.08,1.6,2.8,70.4
2025-05-20,22.2,17.4,27.3,10.17,1.0,2.5,85.5
2025-05-21,25.5,22.3,30.8,0.0,0.0,2.1,75.5
2025-05-22,23.9,20.0,28.5,2.75,0.8,2.1,68.0
2025-05-23,19.4,15.4,22.2,4.67,1.2,2.8,53.8
2025-05-24,15.6,13.0,19.3,5.83,4.3,3.1,69.1
2025-05-25,17.4,11.7,22.6,0.0,0.0,2.1,61.0
2025-05-26,19.7,13.0,26.2,0.0,0.0,1.7,59.4
2025-05-27,20.8,14.7,27.0,0.0,0.0,1.9,57.0
2025-05-28,20.8,16.3,26.9,0.68,0.0,1.8,62.0
2025-05-29,21.2,15.3,27.3,0.0,0.0,2.2,58.4
2025-05-30,22.2,16.7,28.3,0.0,0.0,1.7,55.0
2025-05-31,21.5,16.4,27.0,0.0,0.0,2.0,55.0
2025-06-01,22.6,17.0,29.3,0.0,0.0,2.0,57.8
2025-06-02,21.0,19.2,23.1,5.67,0.0,1.5,64.3
2025-06-03,20.9,17.0,25.3,0.0,0.0,2.9,56.9
2025-06-04,20.5,15.2,25.3,0.0,0.0,3.5,55.3
2025-06-05,21.7,15.6,27.1,0.0,0.0,2.3,49.8
2025-06-06,24.1,17.7,30.0,0.0,0.0,3.0,42.6
2025-06-07,23.7,19.8,28.2,1.43,0.1,2.6,61.4
2025-06-08,25.1,21.4,30.4,2.42,0.6,1.7,69.3
2025-06-09,24.2,20.6,30.2,0.42,0.0,2.6,66.6
2025-06-10,21.7,18.8,25.3,0.08,0.0,2.5,71.6
2025-06-11,22.7,15.9,28.5,0.0,0.0,2.4,54.6
2025-06-12,25.5,17.9,33.1,0.0,0.0,1.9,50.4
2025-06-13,24.0,20.1,29.4,5.08,1.5,1.9,60.9
2025-06-14,25.6,20.3,32.1,0.0,0.0,2.0,66.3
2025-06-15,26.3,21.7,33.2,5.08,11.8,2.5,69.6
2025-06-16,23.0,21.8,25.1,10.5,20.0,2.7,87.8
2025-06-17,24.8,21.1,29.6,0.0,0.0,2.5,73.3
2025-06-18,25.5,21.2,30.9,0.0,0.0,2.0,65.3
2025-06-19,28.1,21.1,34.2,0.92,0.8,2.0,57.9
2025-06-20,24.1,22.2,28.3,23.67,51.1,3.9,93.4
2025-06-21,22.0,20.5,24.2,8.17,0.2,2.1,88.1
2025-06-22,23.3,18.1,28.6,0.0,0.0,2.3,68.6
2025-06-23,26.1,19.4,31.7,0.0,0.0,1.8,64.8
2025-06-24,25.0,20.5,28.0,4.08,2.3,2.6,63.4
2025-06-25,20.9,19.5,22.1,18.08,8.0,2.5,88.9
2025-06-26,22.2,19.9,24.2,3.5,1.1,1.7,85.3
2025-06-27,25.0,21.1,29.3,1.97,0.0,1.4,78.1
2025-06-28,26.2,24.5,28.1,5.83,0.6,1.4,85.0
2025-06-29,27.1,24.9,30.2,1.0,0.0,2.3,77.1
2025-06-30,28.2,25.6,31.2,0.0,0.0,2.4,74.6
2025-07-01,28.6,26.2,31.8,3.67,0.9,3.0,78.6
2025-07-02,28.6,26.8,30.9,0.33,0.0,2.9,76.3
2025-07-03,28.3,26.5,32.0,0.08,0.0,2.8,75.5
2025-07-04,27.2,25.7,30.0,1.75,0.0,3.2,77.0
2025-07-05,28.4,26.0,32.3,0.0,0.0,2.8,72.9
2025-07-06,29.1,26.3,32.8,0.0,0.0,2.5,74.3
2025-07-07,29.1,26.7,33.2,0.0,0.0,1.9,79.0
2025-07-08,31.3,26.9,37.8,3.0,11.8,1.9,72.5
2025-07-09,31.9,27.4,36.0,0.0,0.0,2.2,61.1
2025-07-10,31.4,27.3,36.2,0.0,0.0,2.9,46.6
2025-07-11,30.2,24.6,36.1,0.0,0.0,3.3,47.1
2025-07-12,30.3,24.4,36.5,0.0,0.0,2.3,47.5
2025-07-13,27.7,25.6,31.0,2.5,0.0,1.5,66.8
2025-07-14,24.2,21.7,28.1,12.25,13.6,2.0,78.3
2025-07-15,23.6,21.5,25.9,11.17,4.0,2.3,84.1
2025-07-16,23.3,22.2,24.8,16.33,73.1,2.1,90.1
2025-07-17,23.3,22.0,24.4,18.58,75.5,2.1,94.3
2025-07-18,24.7,22.9,27.2,11.0,16.1,1.7,89.5
2025-07-19,23.9,21.9,25.8,23.17,84.0,2.0,95.4
2025-07-20,27.7,25.0,31.3,6.92,14.8,2.8,82.8
2025-07-21,28.5,25.6,31.6,1.0,0.0,2.3,77.4
2025-07-22,28.8,26.6,32.2,0.58,0.1,2.7,75.6
2025-07-23,28.9,25.5,33.3,0.0,0.0,1.8,70.4
2025-07-24,29.8,25.8,34.1,0.0,0.0,1.9,68.0
2025-07-25,31.1,25.6,36.3,0.0,0.0,1.9,64.6
2025-07-26,32.3,27.6,37.1,0.0,0.0,1.7,61.9
2025-07-27,32.8,28.3,38.0,0.0,0.0,2.0,62.4
2025-07-28,32.2,28.8,36.4,0.0,0.0,2.0,67.3
2025-07-29,32.0,27.6,36.7,0.0,0.0,2.0,64.0
2025-07-30,32.1,28.3,36.3,0.0,0.0,1.7,62.9
2025-07-31,30.9,29.3,34.6,0.0,0.0,2.0,62.3
2025-08-01,31.0,27.8,35.1,0.25,0.0,1.9,66.9
2025-08-02,31.2,27.3,36.2,0.0,0.0,1.8,62.1
2025-08-03,28.8,24.0,32.5,7.25,1.3,2.0,69.0
2025-08-04,28.1,23.7,33.9,5.92,1.9,2.2,75.5
2025-08-05,29.1,25.4,33.5,0.0,0.0,2.2,67.4
2025-08-06,27.1,25.8,29.3,10.5,22.0,3.2,89.0
2025-08-07,28.2,25.4,32.3,0.0,0.0,2.7,70.8
2025-08-08,26.6,23.9,30.2,1.75,6.3,1.6,74.8
2025-08-09,24.9,23.1,26.4,5.92,3.5,1.4,82.1
2025-08-10,27.3,21.0,33.2,0.0,0.0,1.7,70.0
2025-08-11,27.0,25.0,29.5,0.25,0.0,2.0,73.9
2025-08-12,28.6,23.3,34.1,0.0,0.0,2.2,62.9
2025-08-13,25.1,22.0,27.1,15.67,126.7,2.6,91.8
2025-08-14,25.5,24.2,26.9,12.48,47.8,2.2,91.1
2025-08-15,27.1,24.4,30.9,3.17,0.0,1.7,84.3
2025-08-16,28.2,25.5,32.2,0.0,0.0,2.2,76.0
2025-08-17,28.4,26.1,32.0,0.0,0.0,2.3,76.3
2025-08-18,28.9,27.0,32.9,7.42,2.2,3.0,75.6
2025-08-19,29.1,26.9,32.3,0.0,0.0,3.0,75.3
2025-08-20,29.4,26.9,32.8,0.75,0.0,2.6,74.5
2025-08-21,29.8,27.4,34.3,0.0,0.0,2.2,70.6
2025-08-22,29.4,26.1,33.5,0.0,0.0,2.1,71.5
2025-08-23,29.3,27.4,32.2,0.0,0.0,1.9,74.9
2025-08-24,30.2,26.9,34.7,0.0,0.0,1.7,69.4
2025-08-25,28.7,26.3,32.2,6.93,17.1,2.8,80.6
2025-08-26,27.6,25.5,31.8,8.75,5.4,2.8,81.8
2025-08-27,26.7,23.6,30.8,0.0,0.0,1.6,73.8
2025-08-28,28.3,24.7,31.0,0.0,0.0,2.7,72.9
2025-08-29,29.0,27.3,32.8,6.82,32.2,3.5,82.0
2025-08-30,28.4,25.8,31.8,6.92,23.9,2.0,81.1
2025-08-31,28.5,25.1,31.8,0.08,0.0,2.4,75.3
2025-09-01,26.1,24.4,28.2,7.75,20.4,2.5,87.3
2025-09-02,26.0,22.0,30.6,0.0,0.0,1.6,74.6
2025-09-03,27.6,22.6,32.1,0.0,0.0,1.9,67.5
2025-09-04,25.8,22.8,29.8,9.92,44.2,2.6,82.1
2025-09-05,27.9,23.5,33.0,0.0,0.0,2.2,68.5
2025-09-06,26.8,25.4,30.4,9.07,36.1,2.4,86.6
2025-09-07,25.3,22.3,28.3,1.07,0.2,2.1,77.5
2025-09-08,24.4,20.6,29.5,3.75,0.0,1.8,73.0
2025-09-09,23.7,21.4,26.9,5.5,0.0,1.6,71.9
2025-09-10,24.8,18.4,31.5,0.0,0.0,1.7,61.1
2025-09-11,25.8,19.9,31.7,0.0,0.0,2.5,57.6
2025-09-12,23.9,21.1,26.3,7.33,6.8,2.7,68.8
2025-09-13,23.3,20.4,27.6,8.58,63.7,2.4,81.0
2025-09-14,24.8,21.5,29.3,0.0,0.0,1.6,72.0
2025-09-15,25.7,20.8,30.7,0.0,0.0,1.5,71.6
2025-09-16,23.7,22.2,27.1,4.27,17.5,1.5,86.8
2025-09-17,22.7,21.2,24.0,8.5,52.7,1.7,92.0
2025-09-18,22.1,19.6,26.0,0.0,0.0,2.6,74.4
2025-09-19,19.4,17.9,21.4,15.08,13.8,2.8,82.0
2025-09-20,20.0,17.5,23.6,8.58,35.3,1.8,85.4
2025-09-21,21.6,17.2,27.3,0.0,0.0,2.1,67.0
2025-09-22,21.3,17.6,25.1,0.0,0.0,2.5,59.8
2025-09-23,22.7,19.2,26.8,0.83,0.0,2.4,56.5
2025-09-24,22.0,20.4,23.7,11.5,35.2,2.1,81.8
2025-09-25,22.5,20.2,26.4,1.25,0.3,1.4,80.0
2025-09-26,21.7,17.8,27.1,0.0,0.0,1.4,78.1
2025-09-27,22.5,17.6,27.2,0.0,0.0,1.9,71.1
2025-09-28,20.0,18.4,21.9,7.92,44.5,1.7,85.6
2025-09-29,19.6,16.6,23.9,0.0,0.0,1.5,77.8
2025-09-30,19.8,17.3,24.0,0.0,0.0,1.4,81.3
2025-10-01,20.5,16.7,25.6,0.0,0.0,1.7,78.1
2025-10-02,21.4,17.3,25.8,0.0,0.0,1.5,74.5
2025-10-03,21.2,19.8,22.3,9.33,0.8,2.4,75.5
2025-10-04,22.5,20.9,25.0,2.23,0.0,1.9,74.6
2025-10-05,21.4,20.6,22.3,7.17,18.1,1.6,89.6
2025-10-06,17.6,15.4,20.7,19.67,36.8,3.8,93.8
2025-10-07,18.2,15.5,20.0,22.67,7.1,3.1,94.9
2025-10-08,21.9,17.2,28.0,0.58,0.0,1.4,72.8
2025-10-09,20.0,16.9,22.6,8.0,0.0,3.3,69.6
2025-10-10,17.0,16.0,17.7,23.92,49.3,2.9,98.1
2025-10-11,20.3,17.3,23.8,16.17,22.5,2.4,93.1
2025-10-12,19.0,17.6,21.4,2.5,0.1,2.3,84.6
2025-10-13,15.7,13.9,18.3,17.0,25.1,3.5,94.4
2025-10-14,17.9,14.4,20.9,6.5,0.6,3.1,80.3
2025-10-15,20.2,16.1,25.3,6.08,1.5,2.4,74.8
2025-10-16,20.2,17.0,24.8,3.58,1.3,2.4,75.3
2025-10-17,19.9,15.6,24.8,7.75,11.3,2.3,74.8
2025-10-18,15.8,14.2,18.6,7.83,11.2,2.3,87.8
2025-10-19,14.5,8.9,19.2,0.0,0.0,2.8,71.5
2025-10-20,10.0,5.3,16.5,0.0,0.0,2.7,65.9
2025-10-21,9.2,4.8,14.1,0.0,0.0,1.6,68.3
2025-10-22,13.1,6.6,18.6,0.0,0.0,1.5,72.1
2025-10-23,14.9,11.8,19.6,0.0,0.0,2.0,70.3
2025-10-24,15.8,11.3,21.5,0.0,0.0,2.1,66.5
2025-10-25,14.4,12.6,17.7,0.0,0.0,2.1,66.9
2025-10-26,12.2,10.6,13.9,2.67,0.5,1.7,70.1
2025-10-27,8.1,3.7,12.2,0.0,0.0,2.8,45.0
2025-10-28,8.5,3.0,14.4,0.0,0.0,1.4,52.4
2025-10-29,11.4,6.2,18.3,0.0,0.0,1.7,65.0
2025-10-30,12.8,7.7,18.2,0.0,0.0,1.5,70.3
2025-10-31,15.1,11.3,20.7,2.83,0.1,2.0,69.9
2025-11-01,12.9,10.5,17.7,4.67,2.4,2.3,73.0
2025-11-02,8.0,3.7,11.7,0.32,0.2,3.1,57.0
2025-11-03,7.2,0.5,14.7,0.0,0.0,1.5,54.1
2025-11-04,10.2,5.5,16.3,0.0,0.0,1.5,60.6
2025-11-05,11.6,5.7,19.0,0.0,0.0,1.4,60.0
2025-11-06,12.5,7.3,18.8,0.0,0.0,1.6,69.9
2025-11-07,13.9,8.3,19.9,0.0,0.0,1.9,66.3
2025-11-08,14.5,12.3,17.0,0.52,0.0,2.2,69.4
2025-11-09,13.5,10.4,17.6,0.0,0.0,2.6,64.1
2025-11-10,8.3,5.4,12.7,0.0,0.0,2.5,37.6
2025-11-11,8.9,3.9,15.1,0.0,0.0,1.6,57.6
2025-11-12,10.8,6.0,17.7,0.0,0.0,1.8,65.5
2025-11-13,11.1,6.7,17.6,0.0,0.0,1.7,65.4
2025-11-14,9.1,4.5,15.1,0.0,0.0,1.9,53.8
2025-11-15,9.8,3.6,17.5,0.0,0.0,1.3,49.1
2025-11-16,11.6,5.5,18.7,1.25,0.3,2.4,58.4
2025-11-17,3.2,-0.7,9.7,0.0,0.0,3.7,37.4
2025-11-18,1.6,-2.0,6.5,0.0,0.0,2.3,47.1
2025-11-19,3.0,-1.6,8.6,0.0,0.0,1.6,50.1
2025-11-20,7.4,1.6,14.6,0.0,0.0,2.5,58.8
2025-11-21,7.4,1.0,12.5,0.0,0.0,1.9,58.5
2025-11-22,9.6,5.4,15.1,0.0,0.0,1.7,65.3
2025-11-23,10.9,6.6,14.4,0.0,0.0,2.1,69.6
2025-11-24,12.4,9.6,16.8,0.0,0.0,1.8,72.5
2025-11-25,7.4,5.3,9.6,3.58,7.8,2.5,81.1
2025-11-26,6.4,3.5,10.9,0.0,0.0,1.5,66.4
2025-11-27,5.1,2.5,8.7,5.83,10.0,3.0,77.4
2025-11-28,2.3,-1.3,7.0,0.0,0.0,2.0,56.4
2025-11-29,5.7,0.3,9.3,2.92,0.1,2.3,57.1
2025-11-30,12.4,9.1,16.1,0.0,0.0,1.9,78.8
2025-12-01,5.5,2.3,12.2,0.0,0.0,3.1,50.5
2025-12-02,0.1,-5.4,3.3,0.0,0.0,3.3,41.1
2025-12-03,-5.9,-8.1,-2.8,0.0,0.0,3.2,41.4
2025-12-04,-3.2,-9.4,3.5,2.5,4.0,2.3,49.6
2025-12-05,-2.6,-6.9,2.5,0.0,0.0,1.8,53.6
2025-12-06,2.1,-2.0,4.5,3.17,0.6,2.0,70.9
2025-12-07,8.3,3.4,13.4,0.0,0.0,2.1,77.4
2025-12-08,3.4,0.8,7.3,0.0,0.0,2.3,45.4
2025-12-09,2.8,-2.4,8.7,0.0,0.0,1.7,59.0
2025-12-10,4.9,0.7,8.6,0.0,0.0,1.9,73.1
2025-12-11,4.0,-1.8,8.4,5.17,12.9,2.7,68.3
2025-12-12,2.0,-3.6,7.0,0.0,0.0,1.9,56.3
2025-12-13,2.6,-0.8,4.5,13.67,9.5,2.4,81.5
2025-12-14,-0.1,-1.5,3.1,3.5,0.1,2.0,76.5
2025-12-15,0.7,-3.5,4.5,0.0,0.0,1.8,76.4
2025-12-16,3.8,2.1,5.0,8.33,2.1,2.2,88.5
2025-12-17,4.2,1.2,7.6,0.0,0.0,2.1,72.8
2025-12-18,2.3,-1.9,8.5,0.0,0.0,1.7,60.6
2025-12-19,4.9,-0.7,9.9,0.0,0.0,2.1,66.5
2025-12-20,7.3,1.0,10.7,8.82,0.3,2.2,74.1
2025-12-21,-1.1,-3.4,2.5,0.0,0.0,2.9,42.0
2025-12-22,-0.7,-5.9,5.1,0.0,0.0,1.8,44.8
2025-12-23,2.6,0.1,4.3,10.75,10.8,2.4,70.9
2025-12-24,2.8,-1.0,6.3,0.0,0.0,2.4,79.0
2025-12-25,-3.6,-8.9,0.0,0.0,0.0,3.9,54.1
2025-12-26,-8.2,-11.8,-4.0,0.0,0.0,2.8,38.9
2025-12-27,-2.6,-8.3,0.5,0.33,0.0,2.1,52.1
2025-12-28,3.2,0.0,6.1,4.42,0.6,2.0,76.4
2025-12-29,4.9,-0.1,9.1,2.0,0.3,2.1,74.1
2025-12-30,-0.5,-3.7,3.8,0.0,0.0,2.4,45.1
2025-12-31,-5.6,-8.9,-1.2,0.0,0.0,3.1,40.9
