avg_temp_c,min_temp_c,max_temp_c,precip_duration_hr,daily_precip_mm,avg_wind_speed_m_s,avg_rel_humidity_pct,month,day,dayofweek,weekofyear,is_weekend,is_month_start,is_month_end,is_rainy,lag_1,lag_7,rolling_mean_7,rolling_std_7,rolling_mean_14,temp_range_c,season_autumn,season_spring,season_summer,season_winter
-3.7,-6.9,0.9,0.0,0.0,2.5,51.3,1,15,0,3,0,0,0,0,29982.0,67260.0,63679.0,21500.687818455164,67301.07142857143,7.800000000000001,False,False,False,True
-2.1,-7.2,4.3,0.0,0.0,1.5,49.8,1,16,1,3,0,0,0,0,72929.0,39401.0,64488.857142857145,21763.21559749057,69015.5,11.5,False,False,False,True
0.6,-2.3,1.9,13.17,9.7,2.0,78.5,1,17,2,3,0,0,0,1,81422.0,71631.0,70491.85714285714,19351.589111565412,68424.85714285714,4.199999999999999,False,False,False,True
4.5,1.4,9.4,2.58,0.5,2.4,81.5,1,18,3,3,0,0,0,1,37840.0,84444.0,65664.57142857143,22907.900106419926,65808.14285714286,8.0,False,False,False,True
5.4,4.0,9.0,0.0,0.0,4.5,65.4,1,19,4,3,0,0,0,0,78568.0,86810.0,64825.142857142855,22201.84066264605,64747.57142857143,5.0,False,False,False,True
3.4,1.9,4.9,11.17,0.4,5.3,69.5,1,20,5,3,1,0,0,1,93429.0,66225.0,65770.71428571429,23402.700468922278,64422.57142857143,3.0000000000000004,False,False,False,True
1.7,-2.4,4.3,8.58,0.4,2.5,75.8,1,21,6,3,1,0,0,1,43165.0,29982.0,62476.42857142857,24903.025417655193,63287.57142857143,6.699999999999999,False,False,False,True
-8.7,-11.9,-2.4,8.83,0.2,4.1,65.6,1,22,0,4,0,0,0,1,38277.0,72929.0,63661.42857142857,23240.980077276876,63670.21428571428,9.5,False,False,False,True
-11.7,-14.0,-8.2,0.0,0.0,3.9,53.6,1,23,1,4,0,0,0,0,50137.0,81422.0,60405.42857142857,23322.630160834076,62447.142857142855,5.800000000000001,False,False,False,True
-8.0,-11.2,-3.7,0.0,0.0,3.3,52.0,1,24,2,4,0,0,0,0,45183.0,37840.0,55228.42857142857,21855.919181899302,62860.142857142855,7.499999999999999,False,False,False,True
-5.3,-9.7,-0.5,0.0,0.0,2.1,47.8,1,25,3,4,0,0,0,0,52637.0,78568.0,57342.28571428572,20571.68980836111,61503.42857142857,9.2,False,False,False,True
-1.7,-6.9,4.0,0.0,0.0,1.9,62.5,1,26,4,4,0,0,0,0,64439.0,93429.0,55323.857142857145,18754.91295126489,60074.5,10.9,False,False,False,True
-0.5,-4.6,4.6,0.0,0.0,1.8,70.0,1,27,5,4,1,0,0,0,77438.0,43165.0,53039.42857142857,13607.495873685964,59405.07142857143,9.2,False,False,False,True
-1.5,-5.0,3.8,0.0,0.0,1.9,62.3,1,28,6,4,1,0,0,0,59662.0,38277.0,55396.142857142855,13028.552368146027,58936.28571428572,8.8,False,False,False,True
-0.4,-4.8,4.6,0.0,0.0,1.7,66.6,1,29,0,5,0,0,0,0,50029.0,50137.0,57075.0,11063.982872365616,60368.21428571428,9.399999999999999,False,False,False,True
1.4,-4.0,8.1,0.0,0.0,1.4,59.3,1,30,1,5,0,0,0,0,81334.0,45183.0,61531.71428571428,13758.618047297785,60968.57142857143,12.1,False,False,False,True
4.7,0.7,10.6,0.0,0.0,1.9,54.1,1,31,2,5,0,0,1,0,89385.0,52637.0,67846.28571428571,15084.240139013576,61537.357142857145,9.9,False,False,False,True
2.4,-1.3,8.2,0.0,0.0,2.1,64.9,2,1,3,5,0,1,0,0,95804.0,64439.0,74013.0,16579.699756026945,65677.64285714286,9.5,False,False,False,True
3.1,0.7,7.9,0.0,0.0,2.1,65.5,2,2,4,5,0,0,0,0,94236.0,77438.0,78269.71428571429,17510.89946970444,66796.78571428571,7.2,False,False,False,True
4.7,-0.2,8.3,1.83,0.0,2.2,63.9,2,3,5,5,1,0,0,0,97692.0,59662.0,81163.14285714286,18963.647385006327,67101.28571428571,8.5,False,False,False,True
7.3,3.7,12.2,0.0,0.0,1.8,60.9,2,4,6,5,1,0,0,0,69843.0,50029.0,82617.57142857143,17362.59622346404,69006.85714285714,8.5,False,False,False,True
2.7,0.1,6.6,21.0,3.9,5.0,81.8,2,5,0,6,0,0,0,1,75398.0,81334.0,86241.71428571429,10854.529234598902,71658.35714285714,6.5,False,False,False,True
1.2,0.0,2.9,7.83,0.2,2.2,83.5,2,6,1,6,0,0,0,1,29119.0,89385.0,78782.42857142857,24345.968364783675,70157.07142857143,2.9,False,False,False,True
0.6,-0.9,2.7,3.25,0.0,2.1,76.6,2,7,2,6,0,0,0,0,77983.0,95804.0,77153.57142857143,23895.63903628402,72499.92857142857,3.6,False,False,False,True
0.6,-3.0,6.2,0.0,0.0,1.6,66.9,2,8,3,6,0,0,0,0,86243.0,94236.0,75787.71428571429,22904.619823042143,74900.35714285714,9.2,False,False,False,True
1.1,-2.5,6.1,0.0,0.0,2.2,66.8,2,9,4,6,0,0,0,0,90598.0,97692.0,75268.0,22453.077933028835,76768.85714285714,8.6,False,False,False,True
1.7,-1.5,7.4,0.0,0.0,1.9,69.4,2,10,5,6,1,0,0,0,48388.0,69843.0,68224.57142857143,21974.506720721783,74693.85714285714,8.9,False,False,False,True
1.0,-3.1,5.5,1.5,0.0,2.2,70.6,2,11,6,6,1,0,0,0,35426.0,75398.0,63307.857142857145,25170.028787088344,72962.71428571429,8.6,False,False,False,True
3.5,-2.9,10.5,0.0,0.0,1.8,62.8,2,12,0,7,0,0,0,0,44339.0,29119.0,58870.857142857145,25419.871816019364,72556.28571428571,13.4,False,False,False,True
8.2,2.0,13.7,0.0,0.0,2.5,70.6,2,13,1,7,0,0,0,0,67716.0,77983.0,64384.71428571428,21822.253563081595,71583.57142857143,11.7,False,False,False,True
12.9,8.8,18.3,0.0,0.0,2.2,76.4,2,14,2,7,0,0,0,0,108884.0,86243.0,68799.14285714286,27435.157799367396,72976.35714285714,9.5,False,False,False,True
4.5,0.6,11.6,13.33,10.9,2.9,89.9,2,15,3,7,0,0,0,1,127297.0,90598.0,74664.0,35102.38024692912,75225.85714285714,11.0,False,False,False,True
2.3,-1.5,8.1,0.0,0.0,1.8,72.4,2,16,4,7,0,0,0,0,58115.0,48388.0,70023.57142857143,34790.57486761388,72645.78571428571,9.6,False,False,False,True
4.4,-1.2,11.7,0.0,0.0,1.7,73.5,2,17,5,7,1,0,0,0,103469.0,35426.0,77892.28571428571,35306.71958572139,73058.42857142857,12.899999999999999,False,False,False,True
6.2,1.2,9.4,10.08,17.1,2.8,81.4,2,18,6,7,1,0,0,1,92575.0,44339.0,86056.42857142857,30069.39408466769,74682.14285714286,8.200000000000001,False,False,False,True
9.1,4.2,11.9,19.5,8.9,2.3,95.8,2,19,0,8,0,0,0,1,40414.0,67716.0,85495.71428571429,30999.18654693102,72183.28571428571,7.7,False,False,False,True
4.3,2.8,6.8,10.08,2.6,3.4,86.3,2,20,1,8,0,0,0,1,41446.0,108884.0,81742.85714285714,34860.12270693919,73063.78571428571,4.0,False,False,False,True
1.9,0.0,4.0,24.0,17.8,5.2,92.5,2,21,2,8,0,0,0,1,56697.0,127297.0,74287.57142857143,33647.56865835996,71543.35714285714,4.0,False,False,False,True
0.2,-1.1,1.6,17.17,8.8,4.2,84.5,2,22,3,8,0,0,0,1,10076.0,58115.0,57541.71428571428,31997.69139440261,66102.85714285714,2.7,False,False,False,True
1.8,-1.0,6.1,3.83,0.4,3.5,68.8,2,23,4,8,0,0,0,1,30867.0,103469.0,53649.142857142855,33536.6974791723,61836.357142857145,7.1,False,False,False,True
2.0,-1.3,5.9,6.75,2.3,2.9,68.6,2,24,5,8,1,0,0,1,78765.0,92575.0,50120.0,28313.320292752625,64006.142857142855,7.2,False,False,False,True
2.8,0.8,5.9,10.42,1.8,2.0,80.8,2,25,6,8,1,0,0,1,57788.0,40414.0,45150.42857142857,21959.657532675188,65603.42857142857,5.1000000000000005,False,False,False,True
3.8,-1.2,9.7,0.0,0.0,1.9,65.3,2,26,0,9,0,0,0,0,51440.0,41446.0,46725.57142857143,21958.73699204286,66110.64285714286,10.899999999999999,False,False,False,True
5.3,1.2,9.8,0.0,0.0,3.0,52.0,2,27,1,9,0,0,0,0,101612.0,56697.0,55320.71428571428,29890.432090744802,68531.78571428571,8.600000000000001,False,False,False,True
6.4,3.2,10.1,0.0,0.0,2.1,59.5,2,28,2,9,0,0,0,0,107453.0,10076.0,62571.57142857143,35843.37253876063,68429.57142857143,6.8999999999999995,False,False,False,True
4.8,0.3,9.6,0.0,0.0,2.2,63.6,2,29,3,9,0,0,1,0,112216.0,30867.0,77163.0,31429.550542973622,67352.35714285714,9.299999999999999,False,False,False,True
-4.1,-7.1,0.3,0.0,0.0,4.4,38.9,3,1,4,9,0,1,0,0,105034.0,78765.0,87758.28571428571,25081.707655276652,70703.71428571429,7.3999999999999995,False,True,False,False
-0.5,-8.1,4.1,2.0,0.0,3.2,60.4,3,2,5,9,1,0,0,0,46525.0,57788.0,83152.57142857143,29567.34907437113,66636.28571428571,12.2,False,True,False,False
4.0,0.4,7.8,0.0,0.0,2.9,71.5,3,3,6,9,1,0,0,0,56406.0,51440.0,82955.14285714286,29768.869480429687,64052.78571428572,7.3999999999999995,False,True,False,False
5.4,-1.8,11.7,0.0,0.0,1.6,45.5,3,4,0,10,0,0,0,0,67584.0,101612.0,85261.42857142857,27455.869644802406,65993.5,13.5,False,True,False,False
8.0,5.5,11.0,0.0,0.0,2.9,45.1,3,5,1,10,0,0,0,0,111299.0,107453.0,86645.28571428571,28636.099546518144,70983.0,5.5,False,True,False,False
6.2,2.5,10.3,0.0,0.0,2.8,58.8,3,6,2,10,0,0,0,0,113837.0,112216.0,87557.28571428571,29497.918930631302,75064.42857142857,7.800000000000001,False,True,False,False
3.9,1.2,8.2,3.83,2.1,3.0,62.4,3,7,3,10,0,0,0,1,120077.0,105034.0,88680.28571428571,30717.571115537383,82921.64285714286,6.999999999999999,False,True,False,False
2.1,-0.7,6.5,0.0,0.0,3.4,50.6,3,8,4,10,0,0,0,0,100894.0,46525.0,88088.85714285714,30388.31294773576,87923.57142857143,7.2,False,True,False,False
2.0,-2.1,7.1,0.0,0.0,2.7,50.8,3,9,5,10,1,0,0,0,102487.0,56406.0,96083.42857142857,24403.06494996854,89618.0,9.2,False,True,False,False
4.2,-1.8,10.6,0.0,0.0,2.1,54.0,3,10,6,10,1,0,0,0,80520.0,67584.0,99528.28571428571,18964.485050696676,91241.71428571429,12.4,False,True,False,False
6.2,2.0,10.8,0.0,0.0,2.3000000000000003,62.3,3,11,0,11,0,0,0,0,83820.0,111299.0,101847.71428571429,14980.903218367639,93554.57142857143,8.8,False,True,False,False
6.6,4.4,10.0,5.88,2.1,2.5,78.0,3,12,1,11,0,0,0,1,117935.0,113837.0,102795.71428571429,15862.68051869223,94720.5,5.6,False,True,False,False
6.5,1.3,12.0,0.0,0.0,2.7,57.6,3,13,2,11,0,0,0,0,82157.0,120077.0,98270.0,16685.421321221376,92913.64285714286,10.7,False,True,False,False
8.5,3.4,15.4,0.0,0.0,2.5,58.3,3,14,3,11,0,0,0,0,124399.0,100894.0,98887.42857142857,17677.34224798466,93783.85714285714,12.0,False,True,False,False
8.9,4.0,14.5,0.0,0.0,2.3,68.5,3,15,4,11,0,0,0,0,130647.0,102487.0,103137.85714285714,21420.829507970197,95613.35714285714,10.5,False,True,False,False
10.9,4.4,18.3,0.0,0.0,2.1,54.5,3,16,5,11,1,0,0,0,134727.0,80520.0,107743.57142857143,24501.95136349452,101913.5,13.9,False,True,False,False
8.8,5.4,12.2,0.75,0.1,3.7,48.0,3,17,6,11,1,0,0,1,122311.0,83820.0,113713.71428571429,21693.557482305652,106621.0,6.799999999999999,False,True,False,False
7.1,1.4,13.2,0.0,0.0,2.4,28.6,3,18,0,12,0,0,0,0,90798.0,117935.0,114710.57142857143,20199.844701194743,108279.14285714286,11.799999999999999,False,True,False,False
6.7,3.9,9.8,1.5,0.2,3.7,60.8,3,19,1,12,0,0,0,1,127068.0,82157.0,116015.28571428571,20730.796340342706,109405.5,5.9,False,True,False,False
4.4,1.2,8.7,0.0,0.0,3.4,46.5,3,20,2,12,0,0,0,0,105665.0,124399.0,119373.57142857143,15601.249008302273,108821.78571428571,7.499999999999999,False,True,False,False
5.0,-1.2,11.5,0.0,0.0,2.0,46.5,3,21,3,12,0,0,0,0,115264.0,130647.0,118068.57142857143,15492.505143425078,108478.0,12.7,False,True,False,False
10.4,3.8,15.2,7.25,5.4,3.4,57.0,3,22,4,12,0,0,0,1,125493.0,134727.0,117332.28571428571,14906.468123092292,110235.07142857143,11.399999999999999,False,True,False,False
13.0,9.3,18.2,2.75,0.1,2.3,66.0,3,23,5,12,1,0,0,1,83840.0,122311.0,110062.71428571429,17235.850174508323,108903.14285714286,8.899999999999999,False,True,False,False
16.2,10.5,23.4,0.0,0.0,2.4,42.5,3,24,6,12,1,0,0,0,128626.0,90798.0,110964.85714285714,18126.064239363364,112339.28571428571,12.899999999999999,False,True,False,False
10.6,6.7,14.5,11.08,5.1,4.0,63.0,3,25,0,13,0,0,0,1,147852.0,127068.0,119115.42857142857,20249.533771234986,116913.0,7.8,False,True,False,False
7.4,3.2,12.4,10.42,11.5,2.6,77.3,3,26,1,13,0,0,0,1,60341.0,105665.0,109583.0,29482.71077541327,112799.14285714286,9.2,False,True,False,False
10.4,4.4,16.2,0.0,0.0,2.0,68.4,3,27,2,13,0,0,0,0,90522.0,115264.0,107419.71428571429,30360.593344631754,113396.64285714286,11.799999999999999,False,True,False,False
10.3,7.8,12.2,10.83,1.9,1.8,81.8,3,28,3,13,0,0,0,1,145906.0,125493.0,111797.14285714286,33704.900664584784,114932.85714285714,4.3999999999999995,False,True,False,False
7.6,5.0,12.3,4.75,1.4,2.8,73.0,3,29,4,13,0,0,0,1,91081.0,83840.0,106881.14285714286,33883.46364835695,112106.71428571429,7.300000000000001,False,True,False,False
8.8,3.0,15.6,0.0,0.0,2.4,56.5,3,30,5,13,1,0,0,0,95119.0,128626.0,108492.42857142857,32857.8116072731,109277.57142857143,12.6,False,True,False,False
10.6,3.4,17.7,0.0,0.0,1.9,39.9,3,31,6,13,1,0,1,0,115805.0,147852.0,106660.85714285714,31891.600584002153,108812.85714285714,14.299999999999999,False,True,False,False
12.2,5.5,19.0,0.0,0.0,1.8,32.0,4,1,0,14,0,1,0,0,131051.0,60341.0,104260.71428571429,28752.6495748032,111688.07142857143,13.5,False,True,False,False
15.4,7.0,23.9,0.0,0.0,2.0,37.5,4,2,1,14,0,0,0,0,154789.0,90522.0,117753.28571428571,26802.08049582656,113668.14285714286,16.9,False,True,False,False
16.6,13.9,19.7,0.25,0.0,1.8,55.9,4,3,2,14,0,0,0,0,173218.0,145906.0,129567.0,30735.30490603068,118493.35714285714,5.799999999999999,False,True,False,False
15.5,12.4,20.3,0.0,0.0,2.9,52.1,4,4,3,14,0,0,0,0,157061.0,91081.0,131160.57142857142,31987.327260740643,121478.85714285714,7.9,False,True,False,False
14.0,10.2,18.8,0.0,0.0,2.5,51.3,4,5,4,14,0,0,0,0,174305.0,95119.0,143049.7142857143,30013.17010199752,124965.42857142857,8.600000000000001,False,True,False,False
12.7,8.0,18.9,0.0,0.0,1.9,48.6,4,6,5,14,1,0,0,0,181191.0,115805.0,155345.7142857143,24165.420437161312,131919.07142857142,10.899999999999999,False,True,False,False
14.8,7.7,23.4,0.0,0.0,2.0,33.4,4,7,6,14,1,0,0,0,166152.0,131051.0,162538.14285714287,16807.715454800422,134599.5,15.7,False,True,False,False
16.2,11.0,22.8,0.0,0.0,2.1,46.5,4,8,0,15,0,0,0,0,160750.0,154789.0,166780.85714285713,9838.264674704476,135520.7857142857,11.8,False,True,False,False
15.3,10.6,20.8,0.0,0.0,3.5,32.4,4,9,1,15,0,0,0,0,171080.0,173218.0,169108.14285714287,8341.791283024198,143430.7142857143,10.200000000000001,False,True,False,False
13.8,10.2,18.5,0.0,0.0,2.6,62.6,4,10,2,15,0,0,0,0,180514.0,157061.0,170150.42857142858,9337.29998192175,149858.7142857143,8.3,False,True,False,False
15.5,11.7,21.1,0.83,0.0,1.8,61.0,4,11,3,15,0,0,0,0,158335.0,174305.0,170332.42857142858,9047.56292889947,150746.5,9.400000000000002,False,True,False,False
17.2,12.0,24.2,0.0,0.0,2.1,59.6,4,12,4,15,0,0,0,0,163933.0,181191.0,168850.7142857143,9137.408380103,155950.2142857143,12.2,False,True,False,False
19.1,11.2,27.3,0.0,0.0,1.9,52.4,4,13,5,15,1,0,0,0,184146.0,166152.0,169272.85714285713,9843.517942087836,162309.2857142857,16.1,False,True,False,False
20.8,13.6,29.4,0.0,0.0,1.9,47.1,4,14,6,15,1,0,0,0,168619.0,160750.0,169625.2857142857,9756.941216630174,166081.7142857143,15.799999999999999,False,True,False,False
16.0,11.7,20.0,12.17,17.1,2.5,77.4,4,15,0,16,0,0,0,1,152896.0,171080.0,168503.2857142857,11280.31860830076,167642.07142857142,8.3,False,True,False,False
13.3,11.5,17.9,6.08,2.3,2.5,82.6,4,16,1,16,0,0,0,1,64522.0,180514.0,153280.7142857143,40716.20292428359,161194.42857142858,6.399999999999999,False,True,False,False
15.0,9.7,21.8,0.0,0.0,2.2,65.3,4,17,2,16,0,0,0,0,126106.0,158335.0,145508.14285714287,39834.61280272305,157829.2857142857,12.100000000000001,False,True,False,False
17.3,10.7,24.9,0.0,0.0,2.2,53.3,4,18,3,16,0,0,0,0,168806.0,163933.0,147004.0,40586.075251659204,158668.2142857143,14.2,False,True,False,False
17.6,11.5,24.3,0.0,0.0,2.1,51.8,4,19,4,16,0,0,0,0,175744.0,184146.0,148691.2857142857,41639.014264326346,158771.0,12.8,False,True,False,False
14.9,13.0,17.2,14.0,4.8,3.0,77.3,4,20,5,16,1,0,0,1,181793.0,168619.0,148355.14285714287,41313.31672487135,158814.0,4.199999999999999,False,True,False,False
17.2,13.3,21.7,0.0,0.0,3.8,65.5,4,21,6,16,1,0,0,0,42622.0,152896.0,130355.57142857143,55889.35859313816,149990.42857142858,8.399999999999999,False,True,False,False
18.8,15.0,24.1,0.0,0.0,3.1,49.4,4,22,0,17,0,0,0,0,134318.0,64522.0,127701.57142857143,55075.77557588925,148102.42857142858,9.100000000000001,False,True,False,False
17.3,13.2,24.2,3.33,0.0,3.6,55.0,4,23,1,17,0,0,0,0,182361.0,126106.0,144535.7142857143,50352.62763323717,148908.2142857143,11.0,False,True,False,False
13.2,11.0,16.5,7.0,9.0,3.0,80.1,4,24,2,17,0,0,0,1,156313.0,168806.0,148851.0,49801.306729844066,147179.57142857142,5.5,False,True,False,False
14.4,10.3,20.8,0.0,0.0,1.9,75.6,4,25,3,17,0,0,0,0,112963.0,175744.0,140873.42857142858,50539.21894547894,143938.7142857143,10.5,False,True,False,False
17.8,11.4,26.0,0.0,0.0,1.9,61.1,4,26,4,17,0,0,0,0,176024.0,181793.0,140913.42857142858,50571.51805399679,144802.35714285713,14.6,False,True,False,False
18.2,11.5,26.2,0.0,0.0,1.9,56.4,4,27,5,17,1,0,0,0,186288.0,42622.0,141555.57142857142,51201.71964839062,144955.35714285713,14.7,False,True,False,False
20.7,13.0,28.9,0.0,0.0,1.6,53.5,4,28,6,17,1,0,0,0,167428.0,134318.0,159385.0,27037.03605550508,144870.2857142857,15.899999999999999,False,True,False,False
20.9,16.9,26.1,0.0,0.0,3.0,48.0,4,29,0,18,0,0,0,0,153389.0,182361.0,162109.42857142858,24972.144019935426,144905.5,9.200000000000003,False,True,False,False
18.6,16.0,22.5,0.0,0.0,2.2,62.5,4,30,1,18,0,0,1,0,185981.0,156313.0,162626.57142857142,25493.46838477907,153581.14285714287,6.5,False,True,False,False
18.5,13.9,24.0,0.0,0.0,2.4,46.0,5,1,2,18,0,1,0,0,188661.0,112963.0,167247.7142857143,27043.01246603477,158049.35714285713,10.1,False,True,False,False
18.1,12.4,23.7,0.0,0.0,2.4,48.4,5,2,3,18,0,0,0,0,187713.0,176024.0,177926.2857142857,13302.391009568444,159399.85714285713,11.299999999999999,False,True,False,False
19.7,12.2,27.9,0.0,0.0,1.9,46.9,5,3,4,18,0,0,0,0,192006.0,186288.0,180209.42857142858,14258.635475355517,160561.42857142858,15.7,False,True,False,False
21.4,14.6,28.5,0.17,0.0,1.9,44.8,5,4,5,18,1,0,0,0,196468.0,167428.0,181663.7142857143,15451.211384163855,161609.64285714287,13.9,False,True,False,False
17.8,15.7,20.6,20.08,48.3,2.5,87.4,5,5,6,18,1,0,0,1,162236.0,153389.0,180922.0,16347.115647722669,170153.5,4.900000000000002,False,True,False,False
13.9,13.4,15.7,20.17,12.3,3.1,92.9,5,6,0,19,0,0,0,1,14803.0,185981.0,161124.0,65443.48654118821,161616.7142857143,2.299999999999999,False,True,False,False
13.3,12.2,15.0,16.17,2.4,3.0,77.3,5,7,1,19,0,0,0,1,26706.0,188661.0,138370.42857142858,81161.72411684624,150498.5,2.8000000000000007,False,True,False,False
14.7,9.0,21.4,0.0,0.0,2.3,58.8,5,8,2,19,0,0,0,0,76008.0,187713.0,122277.14285714286,80695.2361014961,144762.42857142858,12.399999999999999,False,True,False,False
16.1,10.9,21.8,0.0,0.0,2.9,63.6,5,9,3,19,0,0,0,0,183181.0,192006.0,121629.71428571429,80098.71102315841,149778.0,10.9,False,True,False,False
17.9,12.5,23.8,0.0,0.0,2.6,55.6,5,10,4,19,0,0,0,0,184125.0,196468.0,120503.85714285714,78992.39131171348,150356.64285714287,11.3,False,True,False,False
17.0,14.0,22.0,9.0,31.7,3.5,80.0,5,11,5,19,1,0,0,1,195243.0,162236.0,120328.85714285714,78797.16726174997,150996.2857142857,8.0,False,True,False,False
16.6,11.9,21.6,0.0,0.0,2.7,65.0,5,12,6,19,1,0,0,0,64192.0,14803.0,106322.57142857143,78820.33075473437,143622.2857142857,9.700000000000001,False,True,False,False
18.3,11.9,24.5,0.0,0.0,2.3,51.9,5,13,0,20,0,0,0,0,153309.0,26706.0,126109.14285714286,68759.48527882925,143616.57142857142,12.6,False,True,False,False
18.8,12.7,24.7,0.0,0.0,2.4,43.3,5,14,1,20,0,0,0,0,188906.0,76008.0,149280.57142857142,55784.1907678068,143825.5,12.0,False,True,False,False
12.6,7.2,18.8,10.5,20.6,2.7,74.3,5,15,2,20,0,0,0,1,198430.0,183181.0,166769.42857142858,47569.30273070786,144523.2857142857,11.600000000000001,False,True,False,False
13.7,6.9,19.8,1.75,0.1,3.1,61.3,5,16,3,20,0,0,0,1,56366.0,184125.0,148653.0,62181.41985084194,135141.35714285713,12.9,False,True,False,False
18.3,10.8,24.9,0.0,0.0,2.2,63.6,5,17,4,20,0,0,0,0,177689.0,195243.0,147733.57142857142,61614.50440401509,134118.7142857143,14.099999999999998,False,True,False,False
20.7,16.0,26.5,0.0,0.0,2.0,65.3,5,18,5,20,1,0,0,0,196964.0,64192.0,147979.42857142858,61838.700250078524,134154.14285714287,10.5,False,True,False,False
21.5,15.9,27.9,0.0,0.0,1.9,63.1,5,19,6,20,1,0,0,0,176165.0,153309.0,163975.57142857142,49878.36243922873,135149.07142857142,11.999999999999998,False,True,False,False
19.4,16.8,22.8,0.0,0.0,2.3,75.0,5,20,0,21,0,0,0,0,157798.0,188906.0,164616.85714285713,49747.05041316058,145363.0,6.0,False,True,False,False
21.7,16.3,28.3,0.0,0.0,1.9,68.1,5,21,1,21,0,0,0,0,184025.0,198430.0,163919.57142857142,49382.73018933236,156600.07142857142,12.0,False,True,False,False
20.5,16.4,25.5,0.0,0.0,2.3,68.9,5,22,2,21,0,0,0,0,192131.0,56366.0,163019.7142857143,48701.76428602402,164894.57142857142,9.100000000000001,False,True,False,False
20.2,15.8,26.4,0.0,0.0,2.5,67.9,5,23,3,21,0,0,0,0,192485.0,177689.0,182465.2857142857,13400.544898303502,165559.14285714287,10.599999999999998,False,True,False,False
20.1,15.7,24.7,0.0,0.0,2.1,75.1,5,24,4,21,0,0,0,0,191482.0,196964.0,184435.7142857143,13593.857261208643,166084.64285714287,9.0,False,True,False,False
21.4,18.7,24.7,0.0,0.0,1.8,62.8,5,25,5,21,1,0,0,0,195660.0,176165.0,184249.42857142858,13401.128445734237,166114.42857142858,6.0,False,True,False,False
19.9,17.0,23.7,8.33,8.7,2.7,74.3,5,26,6,21,1,0,0,1,173276.0,157798.0,183836.7142857143,13732.002035565738,173906.14285714287,6.699999999999999,False,True,False,False
18.5,14.1,22.6,0.0,0.0,3.3,63.4,5,27,0,22,0,0,0,0,64870.0,184025.0,170561.2857142857,47210.19084800209,167589.07142857142,8.500000000000002,False,True,False,False
20.4,14.3,26.1,0.0,0.0,2.5,54.8,5,28,1,22,0,0,0,0,185189.0,192131.0,170727.57142857142,47267.53217187318,167323.57142857142,11.8,False,True,False,False
21.2,15.4,26.8,0.0,0.0,2.1,51.6,5,29,2,22,0,0,0,0,199434.0,192485.0,171770.85714285713,47895.112410448965,167395.2857142857,11.4,False,True,False,False
20.7,16.2,24.6,0.0,0.0,1.6,49.1,5,30,3,22,0,0,0,0,195623.0,191482.0,172219.14285714287,48135.38726144771,177342.2142857143,8.400000000000002,False,True,False,False
20.4,16.9,25.4,1.75,1.0,2.6,60.0,5,31,4,22,0,0,1,1,193041.0,195660.0,172441.85714285713,48242.85421845265,178438.7857142857,8.5,False,True,False,False
20.7,17.5,25.2,0.67,0.0,2.8,61.3,6,1,5,22,1,1,0,0,192306.0,173276.0,171962.7142857143,47989.812924947386,178106.07142857142,7.699999999999999,False,False,True,False
20.4,15.7,25.8,0.0,0.0,2.7,51.9,6,2,6,22,1,0,0,0,173591.0,64870.0,172007.7142857143,47991.39729755164,177922.2142857143,10.100000000000001,False,False,True,False
22.2,15.7,28.7,0.0,0.0,2.4,47.4,6,3,0,23,0,0,0,0,159697.0,185189.0,185554.42857142858,14186.34834218217,178057.85714285713,13.0,False,False,True,False
22.8,16.3,29.3,0.0,0.0,2.4,42.1,6,4,1,23,0,0,0,0,193053.0,199434.0,186677.85714285713,14461.300476658771,178702.7142857143,13.0,False,False,True,False
23.6,18.1,30.1,0.0,0.0,1.9,53.9,6,5,2,23,0,0,0,0,199666.0,195623.0,186711.0,14495.632986064713,179240.92857142858,12.0,False,False,True,False
24.1,19.3,31.4,0.0,0.0,2.0,54.3,6,6,3,23,0,0,0,0,198583.0,193041.0,187133.85714285713,14838.066118698822,179676.5,12.099999999999998,False,False,True,False
23.1,18.3,28.0,4.17,0.8,1.9,54.3,6,7,4,23,0,0,0,1,155017.0,192306.0,181701.85714285713,18757.4920358829,177071.85714285713,9.7,False,False,True,False
20.3,17.9,25.0,11.5,16.9,1.6,79.5,6,8,5,23,1,0,0,1,181310.0,173591.0,180131.0,18172.752524957607,176046.85714285713,7.100000000000001,False,False,True,False
22.9,17.4,28.8,0.0,0.0,1.8,68.9,6,9,6,23,1,0,0,0,112297.0,159697.0,171374.7142857143,31631.908429697683,171691.2142857143,11.400000000000002,False,False,True,False
24.7,19.0,31.1,0.0,0.0,2.2,66.3,6,10,0,24,0,0,0,0,149146.0,193053.0,169867.42857142858,32520.01727581129,177710.92857142858,12.100000000000001,False,False,True,False
25.4,21.7,31.6,0.0,0.0,2.4,62.4,6,11,1,24,0,0,0,0,190224.0,199666.0,169463.2857142857,32199.8579174626,178070.57142857142,9.900000000000002,False,False,True,False
24.8,19.2,31.8,0.0,0.0,2.1,60.8,6,12,2,24,0,0,0,0,190585.0,198583.0,168166.0,30938.453182622918,177438.5,12.600000000000001,False,False,True,False
26.4,20.0,32.8,0.0,0.0,1.8,51.4,6,13,3,24,0,0,0,0,191038.0,155017.0,167088.14285714287,29813.110580350498,177111.0,12.799999999999997,False,False,True,False
26.3,21.4,33.0,0.0,0.0,2.3,56.0,6,14,4,24,0,0,0,0,185467.0,181310.0,171438.14285714287,29979.275549556034,176570.0,11.600000000000001,False,False,True,False
24.2,21.8,28.2,6.0,6.1,1.9,72.3,6,15,5,24,1,0,0,1,189944.0,112297.0,172671.57142857142,30623.807562402588,176401.2857142857,6.399999999999999,False,False,True,False
24.3,19.9,29.5,0.0,0.0,2.8,58.4,6,16,6,24,1,0,0,0,139913.0,149146.0,176616.7142857143,22158.488213431476,173995.7142857143,9.600000000000001,False,False,True,False
24.8,18.9,30.2,0.0,0.0,2.4,48.4,6,17,0,25,0,0,0,0,143645.0,190224.0,175830.85714285713,23360.088466075566,172849.14285714287,11.3,False,False,True,False
26.0,20.4,32.9,0.0,0.0,2.1,59.5,6,18,1,25,0,0,0,0,189298.0,190585.0,175698.57142857142,23267.435318180942,172580.92857142858,12.5,False,False,True,False
28.8,21.4,35.8,0.0,0.0,1.6,54.3,6,19,2,25,0,0,0,0,190082.0,191038.0,175626.7142857143,23214.515557543906,171896.35714285713,14.399999999999999,False,False,True,False
29.4,23.4,35.4,0.0,0.0,2.0,45.1,6,20,3,25,0,0,0,0,181663.0,185467.0,174287.42857142858,22434.555228168298,170687.7857142857,12.0,False,False,True,False
28.1,22.9,33.9,0.0,0.0,2.0,49.8,6,21,4,25,0,0,0,0,180959.0,189944.0,173643.42857142858,22122.686341228997,172540.7857142857,11.0,False,False,True,False
24.2,22.6,26.1,13.67,16.5,2.0,80.6,6,22,5,25,1,0,0,1,186124.0,139913.0,173097.7142857143,21696.585412719844,172884.64285714287,3.5,False,False,True,False
25.1,22.5,30.1,8.42,5.1,2.2,79.5,6,23,6,25,1,0,0,1,62003.0,143645.0,161967.7142857143,46900.82247222798,169292.2142857143,7.600000000000001,False,False,True,False
24.3,21.2,27.9,0.33,0.0,2.9,70.4,6,24,0,26,0,0,0,0,110471.0,189298.0,157228.57142857142,50591.65986885319,166529.7142857143,6.699999999999999,False,False,True,False
22.9,19.1,27.2,0.0,0.0,3.0,61.9,6,25,1,26,0,0,0,0,182858.0,190082.0,156308.57142857142,49965.97317127323,166003.57142857142,8.099999999999998,False,False,True,False
24.9,18.9,31.6,0.0,0.0,1.9,61.0,6,26,2,26,0,0,0,0,200205.0,181663.0,157754.7142857143,51236.711300636554,166690.7142857143,12.700000000000003,False,False,True,False
26.3,20.6,31.6,0.0,0.0,1.6,55.0,6,27,3,26,0,0,0,0,192192.0,180959.0,159258.85714285713,52201.03273380907,166773.14285714287,11.0,False,False,True,False
26.6,21.3,32.5,0.0,0.0,2.1,54.6,6,28,4,26,0,0,0,0,189922.0,186124.0,160539.2857142857,52926.90330293386,167091.35714285713,11.2,False,False,True,False
26.7,21.6,32.3,5.42,38.3,2.2,65.1,6,29,5,26,1,0,0,1,183350.0,62003.0,160143.0,52713.36697018461,166620.35714285713,10.699999999999996,False,False,True,False
23.5,22.0,24.9,7.08,32.2,3.7,88.5,6,30,6,26,1,0,1,1,102866.0,110471.0,165980.57142857142,40993.59460475582,163974.14285714287,2.8999999999999986,False,False,True,False
26.3,22.0,31.3,0.0,0.0,1.8,69.1,7,1,0,27,0,1,0,0,99161.0,182858.0,164364.85714285713,43680.88382205891,160796.7142857143,9.3,False,False,True,False
23.2,21.9,25.2,17.25,65.1,2.8,90.0,7,2,1,27,0,0,0,1,182407.0,200205.0,164300.42857142858,43649.38181638313,160304.5,3.3000000000000007,False,False,True,False
24.7,23.6,25.9,3.67,0.8,3.6,80.3,7,3,2,27,0,0,0,1,39423.0,192192.0,141331.57142857142,60613.34606299503,149543.14285714287,2.299999999999997,False,False,True,False
26.8,23.2,30.6,3.13,3.6,3.0,74.8,7,4,3,27,0,0,0,1,164917.0,189922.0,137435.14285714287,57600.75300847091,148347.0,7.400000000000002,False,False,True,False
23.4,21.3,26.1,6.92,4.1,3.3,80.5,7,5,4,27,0,0,0,1,158337.0,183350.0,132923.0,53923.68358770271,146731.14285714287,4.800000000000001,False,False,True,False
25.1,22.1,30.0,5.92,2.8,3.2,84.1,7,6,5,27,1,0,0,1,170993.0,102866.0,131157.7142857143,52171.529345401665,145650.35714285713,7.899999999999999,False,False,True,False
24.4,21.5,28.2,5.17,28.7,1.8,85.1,7,7,6,27,1,0,0,1,95363.0,99161.0,130085.85714285714,52921.33970157535,148033.2142857143,6.699999999999999,False,False,True,False
23.8,23.1,24.5,17.83,21.1,1.8,93.4,7,8,0,28,0,0,0,1,82462.0,182407.0,127700.28571428571,54887.54791606295,146032.57142857142,1.3999999999999986,False,False,True,False
24.5,22.7,26.7,6.17,0.3,1.8,86.9,7,9,1,28,0,0,0,1,49088.0,39423.0,108654.71428571429,55862.61098658121,136477.57142857142,4.0,False,False,True,False
26.6,22.7,31.1,3.92,1.4,2.2,77.1,7,10,2,28,0,0,0,1,131038.0,164917.0,121742.57142857143,46962.26325770219,131537.07142857142,8.400000000000002,False,False,True,False
25.7,23.3,28.9,0.0,0.0,2.1,79.6,7,11,3,28,0,0,0,0,157081.0,158337.0,120623.14285714286,45841.62306401102,129029.14285714286,5.599999999999998,False,False,True,False
25.6,21.8,30.2,0.0,0.0,1.6,79.5,7,12,4,28,0,0,0,0,176881.0,170993.0,123272.28571428571,48823.17106222658,128097.64285714286,8.399999999999999,False,False,True,False
28.1,23.5,33.3,0.5,0.0,1.9,70.0,7,13,5,28,1,0,0,0,178473.0,95363.0,124340.85714285714,50106.67215527491,127749.28571428571,9.799999999999997,False,False,True,False
28.4,24.9,32.1,0.47,0.4,2.4,65.9,7,14,6,28,1,0,0,1,132044.0,82462.0,129581.0,48462.15033748859,129833.42857142857,7.200000000000003,False,False,True,False
28.4,24.5,31.3,0.17,0.0,2.4,64.6,7,15,0,29,0,0,0,0,116653.0,49088.0,134465.42857142858,44481.10013948689,131082.85714285713,6.800000000000001,False,False,True,False
27.0,24.6,30.7,9.93,17.0,2.3,78.4,7,16,1,29,0,0,0,1,166494.0,131038.0,151237.7142857143,24626.43132702701,129946.21428571429,6.099999999999998,False,False,True,False
25.4,24.1,28.1,18.58,98.8,2.5,91.6,7,17,2,29,0,0,0,1,94003.0,157081.0,145947.0,32430.975876981374,133844.7857142857,4.0,False,False,True,False
24.3,23.1,25.6,17.92,128.8,2.2,95.3,7,18,3,29,0,0,0,1,52001.0,176881.0,130935.57142857143,47319.99792849099,125779.35714285714,2.5,False,False,True,False
27.0,24.2,30.8,3.83,0.1,2.2,80.1,7,19,4,29,0,0,0,1,42867.0,178473.0,111790.71428571429,52463.48762937994,117531.5,6.600000000000001,False,False,True,False
27.2,25.1,30.6,4.42,14.9,2.7,80.4,7,20,5,29,1,0,0,1,158621.0,132044.0,108954.71428571429,48656.54009727882,116647.78571428571,5.5,False,False,True,False
26.5,22.5,29.8,8.47,8.5,3.6,83.6,7,21,6,29,1,0,0,1,84490.0,116653.0,102161.28571428571,48213.25162481887,115871.14285714286,7.300000000000001,False,False,True,False
26.6,24.3,27.9,10.33,79.9,3.1,89.0,7,22,0,30,0,0,0,1,97479.0,166494.0,99422.14285714286,47795.57072375564,116943.78571428571,3.599999999999998,False,False,True,False
26.4,25.8,27.3,6.33,2.0,3.2,87.9,7,23,1,30,0,0,0,1,85676.0,94003.0,87876.71428571429,37558.27352579051,119557.21428571429,1.5,False,False,True,False
28.1,26.0,30.9,6.25,14.7,2.6,85.0,7,24,2,30,0,0,0,1,113318.0,52001.0,90636.0,38773.219924753925,118291.5,4.899999999999999,False,False,True,False
28.8,25.4,32.2,2.67,25.3,1.8,79.8,7,25,3,30,0,0,0,1,126759.0,42867.0,101315.71428571429,36592.324612839686,116125.64285714286,6.800000000000004,False,False,True,False
28.7,25.2,32.7,3.0,5.5,2.3,81.9,7,26,4,30,0,0,0,1,131192.0,158621.0,113933.57142857143,27067.376851461893,112862.14285714286,7.5000000000000036,False,False,True,False
28.9,27.5,31.7,4.92,33.5,1.7,83.6,7,27,5,30,1,0,0,1,117452.0,84490.0,108052.28571428571,19013.783392706668,108503.5,4.199999999999999,False,False,True,False
29.2,27.3,32.2,0.33,0.0,3.2,76.0,7,28,6,30,1,0,0,0,76401.0,97479.0,106896.71428571429,20842.34038133516,104529.0,4.900000000000002,False,False,True,False
27.4,26.8,27.8,5.5,0.0,3.8,84.0,7,29,0,31,0,0,0,0,102034.0,85676.0,107547.42857142857,20568.61508753211,103484.78571428571,1.0,False,False,True,False
28.6,26.3,31.9,0.0,0.0,2.8,78.8,7,30,1,31,0,0,0,0,138818.0,113318.0,115139.14285714286,20954.148073262204,101507.92857142857,5.599999999999998,False,False,True,False
29.4,27.0,33.3,0.0,0.0,2.6,74.5,7,31,2,31,0,0,1,0,150508.0,126759.0,120452.0,24780.746107949926,105544.0,6.299999999999997,False,False,True,False
29.9,27.3,33.2,1.42,0.3,2.6,75.5,8,1,3,31,0,1,0,1,149866.0,131192.0,123753.0,27183.45454499868,112534.35714285714,5.900000000000002,False,False,True,False
29.6,28.2,32.5,0.0,0.0,2.6,79.4,8,2,4,31,0,0,0,0,145486.0,117452.0,125795.0,28347.361505673558,119864.28571428571,4.300000000000001,False,False,True,False
30.2,27.2,34.2,0.0,0.0,2.2,75.0,8,3,5,31,1,0,0,0,140153.0,76401.0,129038.0,28531.750144941056,118545.14285714286,7.0000000000000036,False,False,True,False
31.8,27.3,36.2,0.0,0.0,1.6,69.3,8,4,6,31,1,0,0,0,105222.0,102034.0,133155.2857142857,20664.980012203574,120026.0,8.900000000000002,False,False,True,False
30.0,26.9,33.7,3.53,1.3,1.9,75.5,8,5,0,32,0,0,0,1,89613.0,138818.0,131380.85714285713,24040.2594164359,119464.14285714286,6.800000000000004,False,False,True,False
29.5,25.6,33.5,0.75,0.0,1.9,74.8,8,6,1,32,0,0,0,0,123156.0,150508.0,129143.42857142857,23961.42389937887,122141.28571428571,7.899999999999999,False,False,True,False
29.6,27.2,33.4,1.33,3.4,1.7,72.0,8,7,2,32,0,0,0,1,136539.0,149866.0,127147.85714285714,22417.524539435683,123799.92857142857,6.199999999999999,False,False,True,False
28.5,26.9,31.6,1.83,0.0,1.6,77.5,8,8,3,32,0,0,0,0,141041.0,145486.0,125887.14285714286,21138.637763020604,124820.07142857143,4.700000000000003,False,False,True,False
29.3,25.6,33.6,0.0,0.0,1.6,74.1,8,9,4,32,0,0,0,0,137395.0,140153.0,124731.28571428571,20083.225062344245,125263.14285714286,8.0,False,False,True,False
30.0,26.4,33.6,0.0,0.0,1.7,70.8,8,10,5,32,1,0,0,0,139483.0,105222.0,124635.57142857143,19998.89683505212,126836.78571428571,7.200000000000003,False,False,True,False
30.8,27.8,34.4,0.0,0.0,1.8,67.8,8,11,6,32,1,0,0,0,114530.0,89613.0,125965.28571428571,18764.30159206853,129560.28571428571,6.599999999999998,False,False,True,False
31.1,28.2,34.1,0.0,0.0,1.9,70.5,8,12,0,33,0,0,0,0,99629.0,123156.0,127396.14285714286,15654.46628951413,129388.5,5.900000000000002,False,False,True,False
31.3,28.1,36.4,2.08,0.0,1.8,70.0,8,13,1,33,0,0,0,0,143228.0,136539.0,130263.57142857143,16560.433527509427,129703.5,8.299999999999997,False,False,True,False
30.0,27.3,34.9,1.75,3.0,1.9,73.0,8,14,2,33,0,0,0,1,134073.0,141041.0,129911.28571428571,16430.4075696488,128529.57142857143,7.599999999999998,False,False,True,False
29.2,26.7,34.6,3.25,6.4,1.8,74.6,8,15,3,33,0,0,0,1,132729.0,137395.0,128723.85714285714,15779.463578003355,127305.5,7.900000000000002,False,False,True,False
29.8,26.8,34.3,0.25,0.0,2.0,69.4,8,16,4,33,0,0,0,0,102409.0,139483.0,123725.85714285714,17964.64947638929,124228.57142857143,7.4999999999999964,False,False,True,False
29.8,27.2,34.0,1.5,11.0,1.7,71.0,8,17,5,33,1,0,0,1,140849.0,114530.0,123921.0,18170.57919641924,124278.28571428571,6.800000000000001,False,False,True,False
29.5,27.0,33.9,1.08,0.0,2.0,73.8,8,18,6,33,1,0,0,0,105962.0,99629.0,122697.0,19169.712473935113,124331.14285714286,6.899999999999999,False,False,True,False
29.7,26.3,35.3,0.92,2.3,1.9,72.3,8,19,0,34,0,0,0,1,93508.0,143228.0,121822.57142857143,20491.380211015337,124609.35714285714,8.999999999999996,False,False,True,False
31.4,27.0,35.4,0.25,0.0,2.3,68.3,8,20,1,34,0,0,0,0,143003.0,134073.0,121790.42857142857,20452.346759049215,126027.0,8.399999999999999,False,False,True,False
28.4,26.9,30.8,12.75,42.2,3.2,85.9,8,21,2,34,0,0,0,1,146663.0,132729.0,123589.0,22192.07877449392,126750.14285714286,3.900000000000002,False,False,True,False
28.6,27.1,30.3,4.42,0.6,3.4,79.9,8,22,3,34,0,0,0,1,73097.0,102409.0,115070.14285714286,28614.786786022592,121897.0,3.1999999999999993,False,False,True,False
28.4,26.4,31.8,0.5,0.0,2.7,73.5,8,23,4,34,0,0,0,0,125877.0,140849.0,118422.71428571429,28256.685384255023,121074.28571428571,5.400000000000002,False,False,True,False
27.6,25.1,30.9,3.42,2.0,1.4,78.8,8,24,5,34,1,0,0,1,151307.0,105962.0,119916.71428571429,29870.429406099465,121918.85714285714,5.799999999999997,False,False,True,False
28.5,24.9,32.7,0.0,0.0,1.4,76.6,8,25,6,34,1,0,0,0,105513.0,93508.0,119852.57142857143,29905.850742272112,121274.78571428571,7.800000000000004,False,False,True,False
28.1,25.6,30.6,0.25,0.0,1.5,77.8,8,26,0,35,0,0,0,0,101722.0,143003.0,121026.0,28842.10488735771,121424.28571428571,5.0,False,False,True,False
26.5,24.6,30.3,5.58,0.3,1.9,69.8,8,27,1,35,0,0,0,1,142235.0,146663.0,120916.28571428571,28745.872102004,121353.35714285714,5.699999999999999,False,False,True,False
28.2,23.0,33.2,0.0,0.0,2.9,62.1,8,28,2,35,0,0,0,0,149070.0,73097.0,121260.14285714286,29117.181768551487,122424.57142857143,10.200000000000003,False,False,True,False
28.4,23.4,33.5,0.0,0.0,3.1,61.0,8,29,3,35,0,0,0,0,166240.0,125877.0,134566.2857142857,24327.579683110824,124818.21428571429,10.100000000000001,False,False,True,False
28.0,23.7,32.9,0.0,0.0,2.4,64.0,8,30,4,35,0,0,0,0,166666.0,151307.0,140393.2857142857,26671.4493651565,129408.0,9.2,False,False,True,False
27.6,22.6,33.0,0.0,0.0,1.9,65.6,8,31,5,35,1,0,1,0,167332.0,105513.0,142682.57142857142,28396.292691459912,131299.64285714287,10.399999999999999,False,False,True,False
27.1,24.6,31.6,0.0,0.0,2.0,64.9,9,1,6,35,1,1,0,0,134541.0,101722.0,146829.42857142858,23813.265937688175,133341.0,7.0,True,False,False,False
24.5,22.2,26.9,5.42,2.7,2.6,73.6,9,2,0,36,0,0,0,1,125168.0,142235.0,150178.85714285713,17119.367593738283,135602.42857142858,4.699999999999999,True,False,False,False
27.0,23.2,32.0,0.0,0.0,2.9,54.5,9,3,1,36,0,0,0,0,153794.0,149070.0,151830.14285714287,16779.519564324142,136373.2142857143,8.8,True,False,False,False
27.9,23.2,33.3,0.0,0.0,2.2,61.4,9,4,2,36,0,0,0,0,178905.0,166240.0,156092.2857142857,19525.9747064803,138676.2142857143,10.099999999999998,True,False,False,False
26.3,25.6,28.8,4.42,6.9,2.4,79.1,9,5,3,36,0,0,0,1,176850.0,166666.0,157608.0,20814.285951400783,146087.14285714287,3.1999999999999993,True,False,False,False
24.0,23.3,25.7,9.75,0.7,2.6,79.3,9,6,4,36,0,0,0,1,142474.0,167332.0,154152.0,21066.52177429107,147272.64285714287,2.3999999999999986,True,False,False,False
26.5,22.8,31.3,0.42,0.0,1.9,68.9,9,7,5,36,1,0,0,0,150537.0,134541.0,151752.7142857143,20256.068471072438,147217.64285714287,8.5,True,False,False,False
27.2,22.6,32.8,0.0,0.0,1.6,69.6,9,8,6,36,1,0,0,0,148976.0,125168.0,153814.85714285713,18901.278002898915,150322.14285714287,10.199999999999996,True,False,False,False
28.5,24.1,34.1,0.0,0.0,1.9,69.0,9,9,0,37,0,0,0,0,131430.0,153794.0,154709.42857142858,17408.750001624492,152444.14285714287,10.0,True,False,False,False
29.4,25.6,33.9,0.0,0.0,1.8,67.3,9,10,1,37,0,0,0,0,170528.0,178905.0,157100.0,18383.7465804266,154465.07142857142,8.299999999999997,True,False,False,False
29.0,25.4,34.6,2.25,0.4,1.8,71.5,9,11,2,37,0,0,0,1,169982.0,176850.0,155825.2857142857,16866.566798594245,155958.7857142857,9.200000000000003,True,False,False,False
25.4,24.8,27.1,18.83,32.7,2.1,91.5,9,12,3,37,0,0,0,1,154081.0,142474.0,152572.57142857142,14105.72770020725,155090.2857142857,2.3000000000000007,True,False,False,False
25.9,24.2,28.0,18.67,7.6,2.2,91.4,9,13,4,37,0,0,0,1,62022.0,150537.0,141079.42857142858,37342.12954942081,147615.7142857143,3.8000000000000007,True,False,False,False
28.0,25.2,32.2,0.33,0.0,1.7,80.3,9,14,5,37,1,0,0,0,75825.0,148976.0,130406.28571428571,44230.25129446407,141079.5,7.0000000000000036,True,False,False,False
27.5,24.2,32.4,0.0,0.0,2.8,73.6,9,15,6,37,1,0,0,0,115906.0,131430.0,125682.0,43678.90918586084,139748.42857142858,8.2,True,False,False,False
26.8,21.3,32.2,3.0,9.5,2.8,74.0,9,16,0,38,0,0,0,1,102885.0,170528.0,121604.14285714286,44379.69490442149,138156.7857142857,10.900000000000002,True,False,False,False
28.6,25.8,33.2,0.0,0.0,1.7,77.0,9,17,1,38,0,0,0,0,89288.0,169982.0,109998.42857142857,39844.039666584904,133549.2142857143,7.400000000000002,True,False,False,False
29.4,26.5,33.6,0.5,0.7,1.6,76.8,9,18,2,38,0,0,0,1,79401.0,154081.0,97058.28571428571,30798.613863366827,126441.78571428571,7.100000000000001,True,False,False,False
29.1,25.6,32.6,0.0,0.0,1.7,77.4,9,19,3,38,0,0,0,0,101366.0,62022.0,89527.57142857143,18535.158257189403,121050.07142857143,7.0,True,False,False,False
25.0,17.9,28.6,15.33,54.5,2.4,89.8,9,20,4,38,0,0,0,1,155488.0,75825.0,102879.85714285714,27103.350010829545,121979.64285714286,10.700000000000003,True,False,False,False
19.3,17.1,21.9,8.83,27.0,4.3,82.3,9,21,5,38,1,0,0,1,49128.0,115906.0,99066.0,32820.28792784543,114736.14285714286,4.799999999999997,True,False,False,False
21.0,16.9,26.7,0.0,0.0,2.7,67.4,9,22,6,38,1,0,0,0,112108.0,102885.0,98523.42857142857,32525.56757310148,112102.71428571429,9.8,True,False,False,False
20.8,16.6,26.1,0.0,0.0,3.1,58.3,9,23,0,39,0,0,0,0,159563.0,89288.0,106620.28571428571,39990.34796345371,114112.21428571429,9.5,True,False,False,False
21.0,15.6,26.9,0.0,0.0,2.2,57.9,9,24,1,39,0,0,0,0,188295.0,79401.0,120764.14285714286,49270.30468557644,115381.28571428571,11.299999999999999,True,False,False,False
23.3,18.6,27.3,0.5,0.0,1.7,65.6,9,25,2,39,0,0,0,0,191167.0,101366.0,136730.7142857143,51682.541261417355,116894.5,8.7,True,False,False,False
23.6,21.1,28.0,3.58,1.2,1.6,75.1,9,26,3,39,0,0,0,1,187730.0,155488.0,149068.42857142858,52139.62056778313,119298.0,6.899999999999999,True,False,False,False
22.7,19.1,28.0,0.0,0.0,2.4,72.8,9,27,4,39,0,0,0,0,176100.0,49128.0,152013.0,53135.1133871631,127446.42857142857,8.899999999999999,True,False,False,False
23.2,19.2,27.9,0.0,0.0,3.4,59.3,9,28,5,39,1,0,0,0,191572.0,112108.0,172362.14285714287,28928.128176733768,135714.07142857142,8.7,True,False,False,False
23.5,19.1,29.0,0.0,0.0,2.7,61.5,9,29,6,39,1,0,0,0,168997.0,159563.0,180489.14285714287,12512.960952929508,139506.2857142857,9.899999999999999,True,False,False,False
23.0,18.3,28.5,0.0,0.0,2.1,63.0,9,30,0,40,0,0,1,0,154565.0,188295.0,179775.14285714287,13964.444772691057,143197.7142857143,10.2,True,False,False,False
18.3,13.3,21.7,4.5,2.5,2.5,67.5,10,1,1,40,0,1,0,1,186557.0,191167.0,179526.85714285713,13802.22449979973,150145.5,8.399999999999999,True,False,False,False
14.9,11.6,19.9,0.0,0.0,2.5,48.8,10,2,2,40,0,0,0,0,131748.0,187730.0,171038.42857142858,21548.24329156313,153884.57142857142,8.299999999999999,True,False,False,False
16.4,10.8,22.5,0.0,0.0,1.9,59.0,10,3,3,40,0,0,0,0,176839.0,176100.0,169482.57142857142,20510.37934686717,159275.5,11.7,True,False,False,False
17.6,11.9,24.2,0.0,0.0,1.8,60.0,10,4,4,40,0,0,0,0,154004.0,191572.0,166326.0,21016.27217181996,159169.5,12.299999999999999,True,False,False,False
17.5,11.6,24.4,0.0,0.0,1.6,60.4,10,5,5,40,1,0,0,0,181960.0,168997.0,164952.85714285713,19338.928645167267,168657.5,12.799999999999999,True,False,False,False
15.4,12.3,17.9,2.67,0.0,1.4,73.5,10,6,6,40,1,0,0,0,165475.0,154565.0,164449.7142857143,19261.838089119185,172469.42857142858,5.599999999999998,True,False,False,False
16.9,14.0,20.7,0.0,0.0,1.3,73.9,10,7,0,41,0,0,0,0,108635.0,186557.0,157888.2857142857,28700.519099337595,168831.7142857143,6.699999999999999,True,False,False,False
17.7,12.7,23.9,0.0,0.0,1.8,73.9,10,8,1,41,0,0,0,0,173885.0,131748.0,156078.0,26936.278287840978,167802.42857142858,11.2,True,False,False,False
18.8,13.9,24.4,0.0,0.0,2.3,64.1,10,9,2,41,0,0,0,0,182681.0,176839.0,163354.14285714287,26136.033404915728,167196.2857142857,10.499999999999998,True,False,False,False
18.8,15.3,24.1,0.17,0.0,1.9,66.3,10,10,3,41,0,0,0,0,160339.0,154004.0,160997.0,25452.276617230404,165239.7857142857,8.8,True,False,False,False
18.6,13.9,24.4,0.0,0.0,1.8,68.8,10,11,4,41,0,0,0,0,180123.0,181960.0,164728.2857142857,26160.89538932951,165527.14285714287,10.499999999999998,True,False,False,False
18.3,13.4,24.7,0.0,0.0,1.5,60.6,10,12,5,41,1,0,0,0,189281.0,165475.0,165774.14285714287,27094.285273396752,165363.5,11.299999999999999,True,False,False,False
18.3,12.6,22.6,0.0,0.0,2.0,67.0,10,13,6,41,1,0,0,0,161684.0,108635.0,165232.57142857142,27139.112156057377,164841.14285714287,10.000000000000002,True,False,False,False
19.3,17.6,21.5,1.5,0.0,1.9,70.3,10,14,0,42,0,0,0,0,142163.0,173885.0,170022.2857142857,16266.114806700953,163955.2857142857,3.8999999999999986,True,False,False,False
19.2,17.6,21.9,5.58,0.5,1.8,85.0,10,15,1,42,0,0,0,1,171312.0,182681.0,169654.7142857143,16193.187793167097,162866.35714285713,4.299999999999997,True,False,False,False
18.2,14.4,24.2,0.0,0.0,1.5,76.9,10,16,2,42,0,0,0,0,155619.0,160339.0,165788.7142857143,15790.352800727476,164571.42857142858,9.799999999999999,True,False,False,False
19.0,13.8,25.7,0.0,0.0,1.7,70.4,10,17,3,42,0,0,0,0,181097.0,180123.0,168754.14285714287,16528.255145140727,164875.57142857142,11.899999999999999,True,False,False,False
17.4,16.2,18.8,11.33,47.1,2.5,86.1,10,18,4,42,0,0,0,1,181160.0,189281.0,168902.2857142857,16651.326590938905,166815.2857142857,2.6000000000000014,True,False,False,False
16.6,12.4,21.1,2.08,1.0,3.3,75.0,10,19,5,42,1,0,0,1,78684.0,161684.0,153102.7142857143,35684.40822784428,159438.42857142858,8.700000000000001,True,False,False,False
13.4,10.5,17.8,0.0,0.0,3.7,56.0,10,20,6,42,1,0,0,0,130845.0,142163.0,148697.14285714287,36345.94408105076,156964.85714285713,7.300000000000001,True,False,False,False
14.8,9.7,19.3,2.33,0.0,2.3,66.4,10,21,0,43,0,0,0,0,122488.0,171312.0,145886.42857142858,37672.025982405816,157954.35714285713,9.600000000000001,True,False,False,False
15.5,14.9,16.6,21.5,20.6,2.0,90.8,10,22,1,43,0,0,0,1,154414.0,155619.0,143472.42857142858,36287.181551511996,156563.57142857142,1.700000000000001,True,False,False,False
12.7,9.4,15.5,5.5,2.3,3.7,75.3,10,23,2,43,0,0,0,1,26820.0,181097.0,125072.57142857143,56259.70133188045,145430.64285714287,6.1,True,False,False,False
12.5,7.1,18.4,0.0,0.0,1.8,71.4,10,24,3,43,0,0,0,0,143678.0,181160.0,119727.0,51637.07228016202,144240.57142857142,11.299999999999999,True,False,False,False
14.9,8.7,21.5,0.0,0.0,1.7,64.1,10,25,4,43,0,0,0,0,159376.0,78684.0,116615.0,47834.02085336346,142758.64285714287,12.8,True,False,False,False
17.0,10.7,24.0,0.0,0.0,1.8,68.3,10,26,5,43,1,0,0,0,166456.0,130845.0,129153.85714285714,47737.765023890686,141128.2857142857,13.3,True,False,False,False
16.0,14.0,18.8,0.58,0.0,1.6,79.4,10,27,6,43,1,0,0,0,145496.0,122488.0,131246.85714285713,48143.71953304191,139972.0,4.800000000000001,True,False,False,False
15.7,12.3,20.4,0.13,0.0,2.1,75.9,10,28,0,44,0,0,0,0,110954.0,154414.0,129599.14285714286,48687.75362596705,137742.7857142857,8.099999999999998,True,False,False,False
15.0,13.4,18.3,1.0,0.0,2.3,64.6,10,29,1,44,0,0,0,0,159280.0,26820.0,130294.28571428571,49133.7930203993,136883.35714285713,4.9,True,False,False,False
15.7,11.4,21.4,0.0,0.0,1.6,71.3,10,30,2,44,0,0,0,0,154503.0,143678.0,148534.7142857143,18416.11206447873,136803.64285714287,9.999999999999998,True,False,False,False
15.9,11.0,22.6,0.0,0.0,1.4,67.8,10,31,3,44,0,0,1,0,167862.0,159376.0,151989.57142857142,19584.531037336365,135858.2857142857,11.600000000000001,True,False,False,False
15.3,12.9,18.7,0.0,0.0,1.4,70.8,11,1,4,44,0,1,0,0,167814.0,166456.0,153195.0,20359.29329978516,134905.0,5.799999999999999,True,False,False,False
18.1,13.0,25.1,0.0,0.0,1.9,58.9,11,2,5,44,1,0,0,0,166375.0,145496.0,153183.42857142858,20350.521220656516,141168.64285714287,12.100000000000001,True,False,False,False
17.6,13.0,23.5,0.15,0.0,2.4,71.1,11,3,6,44,1,0,0,0,146373.0,110954.0,153308.7142857143,20297.938267340654,142277.7857142857,10.5,True,False,False,False
14.8,8.9,18.3,0.5,0.1,2.9,62.0,11,4,0,45,0,0,0,1,132609.0,159280.0,156402.2857142857,13163.097706774997,143000.7142857143,9.4,True,False,False,False
9.1,5.6,14.7,0.0,0.0,2.1,49.8,11,5,1,45,0,0,0,0,153234.0,154503.0,155538.57142857142,13141.141665994028,142916.42857142858,9.1,True,False,False,False
7.5,4.1,12.5,0.0,0.0,2.5,46.1,11,6,2,45,0,0,0,0,145634.0,167862.0,154271.57142857142,13674.360007658774,151403.14285714287,8.4,True,False,False,False
7.8,1.6,15.7,0.0,0.0,1.5,48.1,11,7,3,45,0,0,0,0,138912.0,167814.0,150135.85714285713,13250.260921061166,151062.7142857143,14.1,True,False,False,False
10.2,3.1,18.1,0.0,0.0,1.5,50.8,11,8,4,45,0,0,0,0,140431.0,166375.0,146224.0,11014.880994969659,149709.5,15.000000000000002,True,False,False,False
12.9,6.8,20.3,0.0,0.0,1.4,55.8,11,9,5,45,1,0,0,0,146638.0,146373.0,143404.42857142858,6663.636816263192,148293.92857142858,13.5,True,False,False,False
14.4,10.3,21.0,0.0,0.0,1.8,64.0,11,10,6,45,1,0,0,0,125837.0,132609.0,140470.7142857143,9183.1340640386,146889.7142857143,10.7,True,False,False,False
14.6,9.7,21.8,0.0,0.0,1.2,64.5,11,11,0,46,0,0,0,0,115693.0,153234.0,138054.14285714287,13020.685842517465,147228.2142857143,12.100000000000001,True,False,False,False
14.3,11.0,19.2,0.0,0.0,2.2,66.8,11,12,1,46,0,0,0,0,155324.0,145634.0,138352.7142857143,13443.867545146357,146945.64285714287,8.2,True,False,False,False
14.2,8.3,21.3,0.0,0.0,1.7,62.9,11,13,2,46,0,0,0,0,158295.0,138912.0,140161.42857142858,15309.054802710449,147216.5,13.0,True,False,False,False
14.8,13.2,16.8,4.0,0.1,1.8,68.4,11,14,3,46,0,0,0,1,162960.0,140431.0,143596.85714285713,17520.47162063666,146866.35714285713,3.6000000000000014,True,False,False,False
17.0,13.7,21.5,0.75,0.0,1.8,65.1,11,15,4,46,0,0,0,0,137473.0,146638.0,143174.2857142857,17644.78470364844,144699.14285714287,7.800000000000001,True,False,False,False
17.0,14.4,22.6,5.92,6.5,2.6,72.5,11,16,5,46,1,0,0,1,158831.0,125837.0,144916.14285714287,18618.662164869274,144160.2857142857,8.200000000000001,True,False,False,False
7.0,2.1,14.4,0.0,0.0,3.6,47.6,11,17,6,46,1,0,0,0,80376.0,115693.0,138421.7142857143,30512.567398337786,139446.2142857143,12.3,True,False,False,False
2.8,-0.7,7.9,0.0,0.0,2.3,30.9,11,18,0,47,0,0,0,0,78610.0,155324.0,133124.14285714287,37528.87218941617,135589.14285714287,8.6,True,False,False,False
5.7,0.3,11.3,0.0,0.0,2.0,49.5,11,19,1,47,0,0,0,0,109679.0,158295.0,126603.42857142857,36990.31528592845,132478.07142857142,11.0,True,False,False,False
6.5,2.4,9.6,0.0,0.0,1.3,65.8,11,20,2,47,0,0,0,0,124664.0,162960.0,121799.0,34272.26404348972,130980.21428571429,7.199999999999999,True,False,False,False
9.7,6.0,14.1,1.83,0.0,2.2,71.9,11,21,3,47,0,0,0,0,124089.0,137473.0,116246.0,29276.537853145794,129921.42857142857,8.1,True,False,False,False
6.2,3.3,10.6,0.0,0.0,2.2,48.0,11,22,4,47,0,0,0,0,127460.0,158831.0,114815.57142857143,28294.69737634703,128994.92857142857,7.3,True,False,False,False
6.4,1.5,12.6,0.0,0.0,1.7,47.1,11,23,5,47,1,0,0,0,127415.0,80376.0,110327.57142857143,21923.85321103615,127621.85714285714,11.1,True,False,False,False
7.4,2.6,14.2,0.0,0.0,1.6,58.4,11,24,6,47,1,0,0,0,95076.0,78610.0,112427.57142857143,19098.760159210855,125424.64285714286,11.6,True,False,False,False
10.1,3.6,15.4,0.42,0.0,2.5,57.6,11,25,0,48,0,0,0,0,85901.0,109679.0,113469.14285714286,17034.340780010712,123296.64285714286,11.8,True,False,False,False
5.8,1.0,12.7,21.67,26.0,3.4,86.4,11,26,1,48,0,0,0,1,130576.0,124664.0,116454.42857142857,18059.662500142673,121528.92857142857,11.7,True,False,False,False
-0.4,-1.3,1.2,19.17,22.4,1.4,90.6,11,27,2,48,0,0,0,1,35377.0,124089.0,103699.14285714286,34938.46882462849,112749.07142857143,2.5,True,False,False,False
0.8,-1.7,3.4,8.83,4.9,1.8,82.0,11,28,3,48,0,0,0,1,20897.0,127460.0,88957.42857142857,45172.63410095832,102601.71428571429,5.1,True,False,False,False
0.2,-3.4,3.4,2.58,0.0,1.5,76.3,11,29,4,48,0,0,0,0,42952.0,127415.0,76884.85714285714,44454.51573398223,95850.21428571429,6.8,True,False,False,False
2.5,-0.5,5.6,1.42,0.0,1.8,81.6,11,30,5,48,1,0,1,0,73914.0,95076.0,69241.85714285714,38522.38813741357,89784.71428571429,6.1,True,False,False,False
5.2,1.6,8.2,2.08,0.5,2.4,89.3,12,1,6,48,1,1,0,1,57420.0,85901.0,63862.42857142857,36908.96895000454,88145.0,6.6,False,False,False,True
6.4,0.6,13.0,0.25,0.0,2.2,79.9,12,2,0,49,0,0,0,0,58684.0,130576.0,59974.28571428572,35611.15424842027,86721.71428571429,12.4,False,False,False,True
1.3,-2.4,5.2,1.08,0.0,2.4,48.6,12,3,1,49,0,0,0,0,100397.0,35377.0,55663.0,26230.419109627022,86058.71428571429,7.6,False,False,False,True
3.1,-0.6,6.9,0.5,0.0,2.1,52.1,12,4,2,49,0,0,0,0,94719.0,20897.0,64140.42857142857,28103.94721302329,83919.78571428571,7.5,False,False,False,True
3.9,-0.1,8.8,0.88,1.8,2.3,62.8,12,5,3,49,0,0,0,1,97369.0,42952.0,75065.0,22868.140545309256,82011.21428571429,8.9,False,False,False,True
2.1,-0.4,5.2,0.0,0.0,2.5,49.3,12,6,4,49,0,0,0,0,83585.0,73914.0,80869.71428571429,17996.267147331186,78877.28571428571,5.6000000000000005,False,False,False,True
0.2,-2.5,4.6,0.0,0.0,2.5,56.9,12,7,5,49,1,0,0,0,92782.0,57420.0,83565.14285714286,18192.750528975543,76403.5,7.1,False,False,False,True
-0.2,-3.9,4.1,0.0,0.0,2.2,46.5,12,8,6,49,1,0,0,0,66487.0,58684.0,84860.42857142857,16238.87898283202,74361.42857142857,8.0,False,False,False,True
1.0,-3.8,7.4,0.0,0.0,1.6,56.1,12,9,0,50,0,0,0,0,50135.0,100397.0,83639.14285714286,18674.47611428158,71806.71428571429,11.2,False,False,False,True
2.6,-1.9,6.9,0.0,0.0,1.9,58.9,12,10,1,50,0,0,0,0,89580.0,94719.0,82093.85714285714,17465.05559136701,68878.42857142857,8.8,False,False,False,True
3.0,0.2,8.2,0.0,0.0,1.6,50.3,12,11,2,50,0,0,0,0,95372.0,97369.0,82187.14285714286,17545.288687931963,73163.78571428571,7.999999999999999,False,False,False,True
0.5,-3.2,5.4,0.0,0.0,2.1,45.8,12,12,3,50,0,0,0,0,98558.0,83585.0,82357.0,17721.630605938877,78711.0,8.600000000000001,False,False,False,True
1.0,-1.5,4.5,0.0,0.0,2.2,42.1,12,13,4,50,0,0,0,0,91968.0,92782.0,83554.57142857143,18097.70355466121,82212.14285714286,6.0,False,False,False,True
-0.8,-3.6,2.5,0.0,0.0,2.2,51.0,12,14,5,50,1,0,0,0,89567.0,66487.0,83095.28571428571,17863.783191272167,83330.21428571429,6.1,False,False,False,True
1.2,-2.2,5.4,0.33,0.0,2.4,54.1,12,15,6,50,1,0,0,0,64498.0,50135.0,82811.14285714286,18184.916922444452,83835.78571428571,7.6000000000000005,False,False,False,True
-0.2,-3.3,3.9,4.75,0.0,1.2,65.9,12,16,0,51,0,0,0,0,51245.0,89580.0,82969.71428571429,17854.328464122584,83304.42857142857,7.199999999999999,False,False,False,True
-0.8,-3.5,3.8,0.0,0.0,2.2,51.8,12,17,1,51,0,0,0,0,78052.0,95372.0,81322.85714285714,17673.734451898014,81708.35714285714,7.3,False,False,False,True
-3.4,-6.2,0.9,0.0,0.0,2.2,47.1,12,18,2,51,0,0,0,0,83416.0,98558.0,79614.85714285714,16637.04361185826,80901.0,7.1000000000000005,False,False,False,True
-1.4,-6.7,4.9,0.0,0.0,1.5,47.4,12,19,3,51,0,0,0,0,76135.0,91968.0,76411.57142857143,14388.576427814693,79384.28571428571,11.600000000000001,False,False,False,True
1.4,-2.1,5.3,4.07,0.4,2.0,60.9,12,20,4,51,0,0,0,1,79364.0,89567.0,74611.0,12820.600297958643,79082.78571428571,7.4,False,False,False,True
-0.7,-4.7,1.9,6.25,2.9,2.8,74.1,12,21,5,51,1,0,0,1,80205.0,64498.0,73273.57142857143,11411.227261739425,78184.42857142857,6.6,False,False,False,True
-3.4,-7.7,1.0,0.0,0.0,2.1,52.9,12,22,6,51,1,0,0,0,39453.0,51245.0,69695.71428571429,17119.72357364783,76253.42857142857,8.7,False,False,False,True
0.3,-5.0,6.7,0.0,0.0,2.2,58.5,12,23,0,52,0,0,0,0,37978.0,78052.0,67800.42857142857,19995.62201130702,75385.07142857143,11.7,False,False,False,True
-0.4,-4.3,5.1,0.0,0.0,1.4,50.3,12,24,1,52,0,0,0,0,76141.0,83416.0,67527.42857142857,19844.806666205288,74425.14285714286,9.399999999999999,False,False,False,True
2.7,-1.1,6.5,0.5,0.1,2.0,63.1,12,25,2,52,0,0,0,1,77782.0,76135.0,66722.57142857143,19196.671055656134,73168.71428571429,7.6,False,False,False,True
0.1,-4.8,4.2,0.25,0.0,3.4,57.9,12,26,3,52,0,0,0,0,45245.0,79364.0,62309.71428571428,20196.749670135392,69360.64285714286,9.0,False,False,False,True
-2.6,-5.9,1.8,2.0,0.0,2.7,51.4,12,27,4,52,0,0,0,0,69108.0,80205.0,60844.57142857143,19095.34718945255,67727.78571428571,7.7,False,False,False,True
-3.0,-6.7,1.1,0.0,0.0,2.5,48.3,12,28,5,52,1,0,0,0,68332.0,39453.0,59148.42857142857,17554.15807206563,66211.0,7.800000000000001,False,False,False,True
1.1,-4.2,6.1,0.0,0.0,1.5,56.1,12,29,6,52,1,0,0,0,45729.0,37978.0,60045.0,16509.77017809008,64870.357142857145,10.3,False,False,False,True
5.5,1.9,10.1,0.25,0.0,2.3,68.5,12,30,0,1,0,0,0,0,43612.0,76141.0,60849.857142857145,15351.392460497178,64325.142857142855,8.2,False,False,False,True
0.6,-2.0,4.9,0.33,0.0,2.6,45.8,12,31,1,1,0,0,1,0,79479.0,77782.0,61326.71428571428,15945.875472091446,64427.07142857143,6.9,False,False,False,True
